Id,Condition,Sex,Centroid Size,Log Centroid Size,X1,Y1,X2,Y2,X3,Y3,X4,Y4,X5,Y5,X6,Y6,X7,Y7,X8,Y8,X9,Y9,X10,Y10,X11,Y11,X12,Y12,X13,Y13,X14,Y14,X15,Y15
S_001M-WING,standard,M,2.276449464,0.8226169766,0.39554,1.04748,0.45996,0.95987,0.44321,0.86324,0.60813,0.81685,0.62101,0.87097,0.61199,1.0449,0.59267,1.21368,0.81685,1.13251,0.83618,1.07582,1.16859,1.1789,1.20209,1.03717,1.44431,1.82053,1.89139,1.75096,1.93005,1.5564,1.51646,0.96373
S_002F-WING,standard,F,2.639162121,0.9704614882,0.4329,0.96115,0.50892,0.86195,0.49217,0.74212,0.69961,0.68028,0.7112,0.75372,0.69188,0.94441,0.68543,1.15828,0.95342,1.06423,0.98177,0.99852,1.34124,1.11577,1.40566,0.94956,1.66978,1.85661,2.13362,1.80378,2.19675,1.60665,1.76255,0.88643
S_003M-WING,standard,M,2.362431196,0.8596912567,0.75114,1.86949,0.72666,1.75224,0.63905,1.68653,0.72537,1.52291,0.77562,1.55769,0.89158,1.68525,1.02815,1.82182,1.13123,1.58346,1.10159,1.52806,1.39149,1.35283,1.31547,1.21884,2.07692,1.57702,2.32945,1.20209,2.20963,1.03588,1.49069,0.92766
S_004M-WING,standard,M,2.190850353,0.7842897575,0.61199,1.24718,0.6339,1.15313,0.59782,1.06809,0.73439,0.97017,0.76016,1.01527,0.80397,1.16859,0.86066,1.32835,1.04748,1.18792,1.05006,1.12865,1.34897,1.11061,1.34639,0.96115,1.80378,1.59763,2.19804,1.39535,2.17098,1.21111,1.6234,0.79495
S_006M-WING,standard,M,2.402418191,0.8764758097,2.21479,1.68653,2.23798,1.57702,2.29982,1.50487,2.20963,1.35026,2.16067,1.38633,2.05889,1.52548,1.93649,1.66721,1.81151,1.44173,1.83857,1.38376,1.53965,1.23559,1.60021,1.09773,0.81943,1.51904,0.55788,1.16988,0.65709,0.99079,1.40179,0.81943
S_007M-WING,standard,M,2.391924005,0.8720980653,1.97901,1.43916,1.97385,1.33093,2.02796,1.24332,1.89912,1.11061,1.86047,1.15828,1.7909,1.31934,1.70328,1.48812,1.53579,1.29357,1.55383,1.2343,1.23816,1.15957,1.2562,1.00625,0.59138,1.58861,0.25897,1.30259,0.31308,1.1119,0.9895,0.77433
S_008M-WING,standard,M,2.365688286,0.8610690098,0.83102,2.08466,0.7898,1.97643,0.70089,1.92747,0.74985,1.74967,0.80397,1.77801,0.94183,1.88882,1.09644,1.99575,1.14926,1.75096,1.10803,1.69942,1.3451,1.48812,1.26007,1.36185,2.113,1.57187,2.27405,1.15828,2.13748,1.02815,1.3902,1.03975
S_009M-WING,standard,M,2.347492095,0.8533475645,2.1465,1.15828,2.0795,1.06294,2.0911,0.95987,1.91201,0.90189,1.90943,0.96373,1.91072,1.14411,1.92231,1.32449,1.6904,1.23043,1.68009,1.17117,1.33222,1.26909,1.30001,1.11834,1.01785,1.92876,0.59653,1.8463,0.55273,1.65304,0.97919,1.03975
S_010M-WING,standard,M,2.353119246,0.8557417867,0.81041,0.72924,0.74084,0.81556,0.64936,0.84391,0.66224,1.01656,0.71378,1.0114,0.87225,0.93925,1.04877,0.87483,1.03073,1.11705,0.98177,1.15571,1.1892,1.44302,1.06552,1.53064,1.9236,1.50487,1.98674,1.95968,1.81666,2.05889,1.09644,1.8682
S_011F-WING,standard,F,2.451119375,0.8965448079,0.39039,1.69426,0.41873,1.57702,0.36075,1.48296,0.50505,1.36701,0.53855,1.41468,0.61972,1.59119,0.67126,1.77672,0.8787,1.5899,0.86968,1.52162,1.20982,1.47523,1.19565,1.31289,1.78317,1.96999,2.16067,1.7239,2.13104,1.52291,1.47652,1.10288
S_012M-WING,standard,M,2.370927491,0.8632812248,0.61199,1.43014,0.63647,1.31289,0.57978,1.22399,0.7228,1.10417,0.75501,1.15571,0.8001,1.32062,0.8787,1.49198,1.05134,1.31418,1.04361,1.25105,1.38633,1.20853,1.37345,1.0449,1.95839,1.69813,2.31528,1.45333,2.28307,1.25749,1.65046,0.84262
S_013M-WING,standard,M,2.277576,0.8231117194,0.65065,1.36443,0.70218,1.26651,0.67513,1.17761,0.84262,1.10417,0.86066,1.15442,0.87483,1.32449,0.89158,1.50487,1.10417,1.38376,1.11705,1.32449,1.43658,1.36701,1.4456,1.21497,1.81151,1.95324,2.24571,1.83084,2.25344,1.63886,1.77801,1.10159
S_015M-WING,standard,M,2.241138335,0.806983922,1.82311,1.42241,1.76513,1.32578,1.78445,1.22786,1.62727,1.1673,1.61696,1.22013,1.6015,1.39149,1.60408,1.568,1.39149,1.45462,1.37731,1.39793,1.06681,1.44947,1.02429,1.30903,0.69832,2.06662,0.29762,1.95195,0.26541,1.75869,0.70991,1.20338
S_017F-WING,standard,F,2.655672045,0.9766977469,0.94569,0.53727,0.86581,0.62101,0.75758,0.64163,0.74857,0.84004,0.81299,0.83618,1.00625,0.77562,1.19951,0.70991,1.1789,0.99337,1.11963,1.023,1.33351,1.35541,1.19178,1.46493,2.15552,1.48039,2.21736,1.9571,2.02796,2.05502,1.22399,1.8347
S_018M-WING,standard,M,2.263306173,0.8168266526,0.77433,0.79881,0.7563,0.90962,0.66482,0.95987,0.75114,1.10932,0.79753,1.08227,0.92508,0.96631,1.03717,0.83747,1.12221,1.05392,1.09257,1.10159,1.37603,1.27166,1.30903,1.39406,2.05631,1.03202,2.29724,1.40308,2.18515,1.55769,1.49327,1.68009
S_019M-WING,standard,M,2.363575594,0.8601755548,1.81924,1.36958,1.76513,1.27682,1.77544,1.17374,1.60021,1.1235,1.58733,1.17632,1.58733,1.35799,1.59377,1.53837,1.37087,1.44173,1.35026,1.38504,1.02944,1.47008,0.98048,1.33093,0.69316,2.13104,0.23706,2.03698,0.20872,1.84114,0.6339,1.26136
S_020F-WING,standard,F,2.564291871,0.9416823667,0.71507,0.72795,0.6558,0.82845,0.55401,0.87612,0.60297,1.06809,0.66095,1.04877,0.82201,0.94569,0.98563,0.84262,1.02686,1.10932,0.98563,1.15313,1.26909,1.42112,1.15571,1.53965,2.046,1.3567,2.21736,1.79218,2.07564,1.92876,1.28197,1.89526
S_021F-WING,standard,F,2.601114108,0.9559398563,0.65709,1.83986,0.62874,1.70715,0.52567,1.64015,0.62874,1.43787,0.68543,1.47781,0.80268,1.62727,0.97662,1.76513,1.07325,1.50744,1.0449,1.43272,1.35155,1.23945,1.26909,1.07711,2.11815,1.44689,2.35651,1.06165,2.25473,0.89158,1.45977,0.76016
S_022F-WING,standard,F,2.349887127,0.8543672959,0.58751,1.20209,0.66095,1.12092,0.6442,1.00883,0.83231,0.98435,0.83876,1.03588,0.81685,1.2124,0.78206,1.39149,1.023,1.30774,1.04233,1.25105,1.37474,1.35928,1.40952,1.20982,1.63113,2.05889,2.07177,2.02281,2.1349,1.82955,1.77028,1.16472
S_023F-WING,standard,F,2.746545999,1.010344122,0.55788,1.79863,0.53082,1.66978,0.43935,1.59248,0.53855,1.4121,0.59653,1.4456,0.74084,1.59892,0.86968,1.76642,1.0114,1.49843,0.97533,1.43529,1.31032,1.25491,1.23043,1.08613,2.12975,1.53579,2.42093,1.14669,2.31399,0.95729,1.4572,0.75243
S_024F-WING,standard,F,2.714580938,0.9986375908,1.32707,0.57978,1.21368,0.6442,1.10288,0.6339,1.023,0.81299,1.08871,0.82845,1.28326,0.84906,1.49843,0.84906,1.37474,1.10932,1.30516,1.12994,1.38633,1.5126,1.20467,1.55125,2.12588,1.96354,1.98158,2.42351,1.76255,2.44799,1.09257,1.92747
S_025M-WING,standard,M,2.356896305,0.8573456286,0.69574,1.87722,0.66482,1.77157,0.58365,1.70844,0.66224,1.54996,0.71507,1.58346,0.83876,1.702,0.97146,1.83084,1.05263,1.60279,1.02429,1.54739,1.3013,1.36958,1.22528,1.24718,2.01379,1.5796,2.25859,1.19178,2.15165,1.0449,1.41725,0.93539
S_027M-WING,standard,M,2.33447548,0.8477872319,0.50892,1.45591,0.545,1.34897,0.49732,1.25878,0.65065,1.16086,0.66868,1.2124,0.70347,1.37474,0.76403,1.55512,0.94312,1.39535,0.94698,1.34124,1.30903,1.33093,1.31289,1.17761,1.7574,1.86949,2.17742,1.66721,2.1684,1.4791,1.60794,1.01011
S_028M-WING,standard,M,2.352223574,0.8553610824,0.91606,0.56046,0.82974,0.63776,0.72795,0.63519,0.70734,0.8117,0.76532,0.81556,0.9341,0.78851,1.10675,0.74985,1.05263,0.98563,1.00238,1.01527,1.14282,1.33093,0.99465,1.39406,1.83857,1.55512,1.81409,2.0125,1.62727,2.07306,0.96244,1.7239
S_029M-WING,standard,M,2.406125288,0.8780176894,0.44063,1.31676,0.48057,1.21497,0.44836,1.10803,0.6223,1.02429,0.64292,1.0784,0.66611,1.2562,0.69961,1.44431,0.9225,1.30645,0.93667,1.24074,1.27811,1.26393,1.30001,1.09773,1.71101,1.83728,2.15423,1.66721,2.15165,1.46621,1.6015,0.95987
S_030M-WING,standard,M,2.383478936,0.868561158,0.59524,1.7123,0.58751,1.60279,0.51665,1.52806,0.6339,1.38891,0.67513,1.43014,0.77305,1.57444,0.8787,1.72905,1.023,1.52548,0.99465,1.46364,1.3348,1.3451,1.2678,1.19565,1.97772,1.68525,2.28823,1.34639,2.19288,1.16988,1.49456,0.94827
S_031M-WING,standard,M,2.218269707,0.7967274805,0.69961,1.68138,0.67641,1.58475,0.59653,1.51775,0.68543,1.37345,0.72795,1.40695,0.8336,1.52935,0.94827,1.66334,1.04233,1.45075,1.02171,1.39406,1.31805,1.24074,1.23559,1.11061,1.95581,1.48812,2.2019,1.12092,2.08466,0.95987,1.40179,0.8336
S_032M-WING,standard,M,2.30870961,0.8366887579,0.4226,1.41468,0.46254,1.31547,0.42388,1.2227,0.57721,1.1338,0.59782,1.18663,0.63003,1.35541,0.65451,1.52548,0.85679,1.39664,0.86452,1.3348,1.20724,1.36056,1.21497,1.20853,1.62984,1.93005,2.05631,1.7677,2.04987,1.568,1.51775,1.06294
S_033F-WING,standard,F,2.65661871,0.9770541525,0.76918,2.06533,0.69188,1.98158,0.58236,1.94937,0.58107,1.75224,0.65065,1.75611,0.8336,1.82697,1.02815,1.9017,1.02429,1.61696,0.96502,1.57573,1.18534,1.25749,1.04361,1.14153,2.00477,1.15828,2.0795,0.68414,1.89912,0.57205,1.09644,0.77176
S_034M-WING,standard,M,2.354420301,0.8562945406,0.56561,1.63886,0.58365,1.52162,0.52953,1.43787,0.66611,1.31805,0.69961,1.36443,0.77562,1.52162,0.84649,1.68911,1.02042,1.50744,1.00883,1.44431,1.33995,1.37345,1.3232,1.21884,1.91974,1.8128,2.28178,1.53192,2.21736,1.34253,1.57187,1.01011
S_035F-WING,standard,F,2.613692905,0.9607641273,0.55401,1.03717,0.62488,0.92894,0.61844,0.80397,0.82458,0.74985,0.83231,0.82072,0.80912,1.01785,0.79624,1.22399,1.05263,1.12994,1.07711,1.06294,1.41725,1.17761,1.48554,1.01527,1.76899,1.93133,2.22509,1.86562,2.29209,1.68911,1.89397,0.96889
S_036M-WING,standard,M,2.367275235,0.861739604,0.77562,1.42885,0.80268,1.3232,0.76274,1.22915,0.91348,1.12994,0.94312,1.18147,0.99465,1.34897,1.05006,1.52806,1.23559,1.36443,1.23816,1.30387,1.56413,1.28841,1.58346,1.1338,2.09496,1.83986,2.47376,1.62469,2.45314,1.41597,1.86047,0.96115
S_037F-WING,standard,F,2.700642805,0.9934898207,0.47027,1.48554,0.49217,1.37087,0.43806,1.26651,0.59782,1.13896,0.63905,1.2008,0.69188,1.38504,0.77047,1.58217,0.9895,1.40695,0.98692,1.33093,1.36314,1.30516,1.37474,1.11963,1.97385,1.88882,2.39903,1.66334,2.38099,1.44045,1.68782,0.92379
S_038F-WING,standard,F,2.725262691,1.002564824,0.57978,1.15571,0.64678,1.04748,0.62745,0.92508,0.82716,0.86195,0.83876,0.93023,0.84649,1.1338,0.83102,1.3451,1.10932,1.2459,1.12865,1.1789,1.49327,1.28326,1.55254,1.10803,1.90685,2.04085,2.37584,1.93391,2.41964,1.72261,1.93906,1.02429
S_039M-WING,standard,M,2.282059597,0.8250783673,0.60684,1.66978,0.61972,1.56671,0.56175,1.48554,0.68286,1.37087,0.71378,1.41081,0.79237,1.56156,0.85679,1.72905,1.01269,1.54481,1.00367,1.48554,1.32707,1.42241,1.3116,1.27553,1.9017,1.8463,2.26375,1.56929,2.19288,1.38762,1.568,1.06423
S_040F-WING,standard,F,2.594775304,0.9534999248,1.31289,0.65838,1.19822,0.70347,1.09257,0.6674,1.01011,0.83618,1.06552,0.86324,1.24461,0.89545,1.43787,0.93023,1.30516,1.15828,1.23945,1.16472,1.27811,1.53579,1.11061,1.55512,1.92876,2.04729,1.75997,2.48149,1.55125,2.47118,0.97146,1.89139
S_041M-WING,standard,M,2.384607265,0.8690344422,0.58107,1.45462,0.6223,1.35541,0.59653,1.25234,0.76274,1.17503,0.78593,1.23043,0.81299,1.40952,0.82845,1.59248,1.03202,1.45591,1.04619,1.39664,1.39664,1.434,1.41983,1.28455,1.81022,2.04085,2.24957,1.88882,2.26246,1.69684,1.7458,1.15184
S_042M-WING,standard,M,2.337618537,0.8491326921,1.20724,0.48959,1.10932,0.53469,1.0114,0.49861,0.9341,0.66868,0.98692,0.68414,1.16215,0.70476,1.34124,0.72022,1.21626,0.93152,1.15571,0.93925,1.20338,1.29357,1.04748,1.30387,1.8012,1.71488,1.64015,2.12588,1.44431,2.12202,0.92121,1.59763
S_043M-WING,standard,M,2.384694622,0.8690710749,0.78851,1.85661,0.889,1.90428,0.92766,1.99704,1.10546,1.96226,1.08484,1.90557,0.99594,1.75353,0.89287,1.59763,1.13638,1.57187,1.18405,1.60923,1.43272,1.36443,1.55512,1.46364,1.37603,0.61328,1.79476,0.46898,1.93391,0.61199,1.88882,1.35541
S_044M-WING,standard,M,2.33508018,0.8480462288,0.82458,1.93005,0.76532,1.8347,0.6777,1.78703,0.71636,1.61309,0.77176,1.64015,0.92508,1.71488,1.07325,1.81666,1.08742,1.57058,1.04877,1.52935,1.28712,1.27811,1.18534,1.17246,2.04085,1.30774,2.15552,0.89029,1.99189,0.76789,1.27682,0.84906
S_045F-WING,standard,F,2.669021126,0.9817117858,0.56046,1.03459,0.64163,0.93796,0.63905,0.82587,0.84133,0.78335,0.84777,0.85422,0.81428,1.04104,0.78464,1.24718,1.05392,1.17117,1.07454,1.10546,1.42627,1.23688,1.48039,1.07196,1.7574,2.04085,2.23154,1.99318,2.29596,1.79218,1.89655,1.04104
S_046M-WING,standard,M,2.325971867,0.8441379589,1.89268,1.00625,1.79218,0.95085,1.77801,0.84391,1.60279,0.85937,1.60923,0.91606,1.68138,1.06809,1.75353,1.2459,1.50744,1.23559,1.47008,1.18663,1.21368,1.37474,1.1119,1.26909,1.1119,2.12846,0.68801,2.17871,0.58751,2.02023,0.77176,1.32062
S_047F-WING,standard,F,2.703373232,0.9945003383,2.15294,1.97514,2.20319,1.85403,2.30626,1.79605,2.24055,1.59248,2.18,1.62469,2.0125,1.74709,1.85145,1.88624,1.77415,1.60794,1.82311,1.54739,1.49843,1.30001,1.6234,1.16988,0.67126,1.44689,0.46898,1.00754,0.60684,0.84777,1.46364,0.81299
S_048M-WING,standard,M,2.380170037,0.8671719295,0.57592,1.29614,0.62745,1.19565,0.60169,1.09515,0.75758,1.01785,0.77433,1.07196,0.79753,1.24461,0.81943,1.43529,1.03459,1.30516,1.04877,1.24461,1.38633,1.28712,1.39922,1.13509,1.8128,1.89526,2.247,1.75353,2.24571,1.5461,1.73034,1.01785
S_049M-WING,standard,M,2.370129132,0.8629444398,0.69059,1.55254,0.7782,1.62082,0.77176,1.73163,0.96889,1.73678,0.96502,1.6788,0.93539,1.49456,0.86839,1.33093,1.12865,1.35799,1.16344,1.40824,1.45075,1.25878,1.52548,1.39664,1.62984,0.54242,2.0911,0.53984,2.16325,0.71507,1.86305,1.40566
S_050M-WING,standard,M,2.424229458,0.8855137247,1.10932,1.92747,1.03073,1.84887,0.92637,1.8347,0.90833,1.65304,0.9676,1.65561,1.13896,1.69813,1.33093,1.73936,1.27424,1.49327,1.21497,1.4675,1.37989,1.13896,1.24203,1.07067,2.12588,0.95085,2.12202,0.4999,1.93391,0.4226,1.23043,0.72151
S_051M-WING,standard,M,2.375353791,0.8651463911,1.96741,1.87464,1.86176,1.92489,1.82568,2.02796,1.64402,1.98416,1.66463,1.92618,1.75611,1.76642,1.85403,1.61696,1.61052,1.58475,1.56542,1.62727,1.32578,1.39535,1.20209,1.49198,1.36056,0.64549,0.93539,0.49475,0.80526,0.65065,0.87741,1.39149
S_052F-WING,standard,F,2.680939452,0.9861672749,0.84133,1.97127,0.77176,1.86305,0.65451,1.81924,0.69059,1.61438,0.76016,1.63242,0.9225,1.73807,1.11963,1.82826,1.15571,1.53837,1.10159,1.49069,1.33995,1.21497,1.21755,1.08871,2.19546,1.17761,2.31786,0.73182,2.15036,0.59524,1.30516,0.7228
S_053F-WING,standard,F,2.683450588,0.9871034992,0.72924,2.01508,0.68414,1.89268,0.60169,1.8347,0.64292,1.64015,0.70605,1.67236,0.86452,1.78317,1.03202,1.90557,1.09129,1.63113,1.04877,1.57573,1.35283,1.31934,1.23301,1.18276,2.18,1.43272,2.38615,0.98435,2.23154,0.83231,1.38118,0.83618
S_054F-WING,standard,F,2.646191766,0.973121537,2.08337,1.1003,2.06533,1.23043,2.13104,1.32449,1.97772,1.46621,1.9352,1.41854,1.86305,1.2343,1.78188,1.04877,1.59248,1.25491,1.60279,1.3232,1.21497,1.39922,1.23559,1.56671,0.56175,0.91477,0.18037,1.18663,0.2216,1.40566,0.94956,1.80893
S_055F-WING,standard,F,2.534573312,0.9300253043,0.53598,1.04748,0.60942,0.94054,0.5888,0.82974,0.77949,0.77176,0.79366,0.83231,0.78593,1.01656,0.78335,1.21755,1.02815,1.11319,1.04877,1.0449,1.39922,1.12092,1.43916,0.9676,1.81666,1.81151,2.24828,1.70586,2.28951,1.51002,1.79218,0.87612
S_057F-WING,standard,F,2.67372708,0.983473409,1.29614,2.21221,1.19694,2.14263,1.08871,2.14263,1.04233,1.93778,1.11319,1.9352,1.29486,1.96354,1.501,1.97643,1.42885,1.70844,1.36572,1.68396,1.51389,1.32835,1.35155,1.26393,2.30884,1.01913,2.26632,0.55015,2.0795,0.49217,1.31934,0.89416
S_058M-WING,standard,M,2.308334257,0.8365261638,0.56046,1.14411,0.57076,1.24718,0.51923,1.32578,0.63519,1.45333,0.66482,1.40566,0.73826,1.26007,0.82974,1.09644,0.97275,1.28068,0.95729,1.34253,1.29228,1.41854,1.27295,1.55898,1.86691,1.00496,2.2354,1.29743,2.16454,1.49069,1.51517,1.79347
S_061F-WING,standard,F,2.721668085,1.001244959,0.49604,1.2562,0.56046,1.13767,0.52696,1.02558,0.72022,0.9341,0.73697,1.00496,0.7563,1.20209,0.76918,1.40437,1.03073,1.28197,1.0449,1.20982,1.42885,1.27166,1.47137,1.08742,1.90299,1.97514,2.37455,1.83599,2.39259,1.61438,1.8347,0.96889
S_064M-WING,standard,M,2.304846745,0.8350141861,0.57205,1.08355,0.64034,0.99981,0.63776,0.89416,0.81428,0.85422,0.81943,0.91091,0.79881,1.09,0.77047,1.26522,1.02558,1.20338,1.04748,1.14669,1.34639,1.23688,1.38891,1.09644,1.6234,1.90041,2.07692,1.83084,2.11558,1.64402,1.73421,1.04104
S_069M-WING,standard,M,2.318985215,0.8411296828,0.9006,1.88495,0.82329,1.79218,0.72924,1.75869,0.73955,1.58088,0.8001,1.59248,0.95471,1.66334,1.12736,1.73807,1.1235,1.48941,1.07582,1.45075,1.27811,1.17503,1.14926,1.09257,1.97901,1.12607,2.07177,0.6777,1.90685,0.57205,1.19049,0.75887
S_071F-WING,standard,F,2.564918635,0.941926757,0.67126,1.73292,0.65065,1.60408,0.55144,1.54223,0.64163,1.34897,0.69832,1.39149,0.82201,1.53192,0.97662,1.68396,1.07711,1.41983,1.03975,1.3567,1.34897,1.16472,1.28326,0.99852,2.113,1.40824,2.37455,1.02429,2.26246,0.85293,1.47395,0.6893
S_080F-WING,standard,F,2.577799663,0.9469361911,2.05373,1.50744,2.03054,1.37989,2.08723,1.27682,1.92747,1.13509,1.88624,1.19307,1.82955,1.37731,1.75353,1.57444,1.5461,1.37603,1.55254,1.30001,1.19436,1.24718,1.19822,1.06809,0.57334,1.75482,0.1997,1.49198,0.23706,1.29357,0.89545,0.85679
S_081F-WING,standard,F,2.740069444,1.007983265,0.55273,1.22786,0.61715,1.11319,0.60813,1.00496,0.79753,0.91864,0.81943,0.9895,0.81299,1.1892,0.82201,1.40308,1.08742,1.2897,1.10803,1.22142,1.49714,1.30774,1.53965,1.12994,1.89526,2.04858,2.3913,1.94808,2.43511,1.74451,1.92618,1.03588
H_001F-WING,hypoxia,F,2.154102804,0.7673743044,1.9492,1.09263,1.88083,1.02039,1.88857,0.93396,1.72216,0.89913,1.72216,0.94428,1.73119,1.1094,1.75183,1.26421,1.54027,1.19971,1.50931,1.14165,1.19713,1.25905,1.14681,1.12875,0.9804,1.86793,0.57663,1.82794,0.51471,1.64992,0.83979,1.0836
H_002M-WING,hypoxia,M,1.919302623,0.6519619027,0.774,1.67185,0.76239,1.59058,0.70692,1.53253,0.78819,1.40482,0.81915,1.43191,0.92106,1.54801,1.00362,1.6525,1.09263,1.47835,1.07328,1.42675,1.32097,1.30162,1.27324,1.19455,1.86277,1.53382,2.0911,1.22809,2.00854,1.07328,1.46545,0.94815
H_003M-WING,hypoxia,M,1.88112992,0.6318726175,0.82431,0.99201,0.90429,0.94428,0.93396,0.87978,1.07844,0.87978,1.06812,0.92622,1.00749,1.06554,0.93783,1.19068,1.13778,1.18939,1.18552,1.15198,1.41772,1.33,1.4848,1.22293,1.41256,1.88857,1.80214,1.95823,1.88986,1.81762,1.75054,1.26292
H_004F-WING,hypoxia,F,2.313494921,0.8387593339,1.64476,2.0524,1.54543,2.06014,1.47577,2.10658,1.33129,2.00467,1.37257,1.9621,1.51963,1.87051,1.64734,1.77892,1.46803,1.64089,1.40869,1.65121,1.30807,1.33774,1.17004,1.3816,1.67185,0.73788,1.38031,0.39216,1.20229,0.46182,0.91977,1.13133
H_005F-WING,hypoxia,F,2.28840823,0.8278564796,0.50439,1.44997,0.53148,1.34806,0.51342,1.26421,0.64758,1.15843,0.66693,1.20745,0.71208,1.37386,0.77142,1.53511,0.93654,1.38934,0.9417,1.32226,1.30549,1.30549,1.28872,1.15585,1.78537,1.7944,2.16592,1.56607,2.14399,1.39321,1.56478,0.99588
H_006M-WING,hypoxia,M,2.006876812,0.6965796886,1.33645,0.71079,1.41643,0.7482,1.48996,0.73917,1.55575,0.86817,1.51318,0.88365,1.36483,0.903,1.21777,0.9288,1.32097,1.08618,1.37515,1.10166,1.33516,1.40224,1.45126,1.42159,0.81528,1.73119,0.9417,2.11045,1.10811,2.13367,1.56349,1.70281
H_008M-WING,hypoxia,M,1.935987503,0.6606175339,1.6267,0.79722,1.68217,0.87204,1.76602,0.87333,1.76602,1.02684,1.72216,1.02555,1.59316,0.97266,1.459,0.94428,1.46158,1.15327,1.51189,1.1881,1.3816,1.42546,1.4848,1.47448,0.77658,1.58155,0.80754,1.91953,0.95331,1.9879,1.48351,1.79569
H_010M-WING,hypoxia,M,2.026266981,0.7061951744,1.23196,0.68241,1.31968,0.71724,1.39192,0.68628,1.4719,0.8127,1.4332,0.83205,1.28356,0.87333,1.13004,0.9159,1.26292,1.06296,1.31581,1.06683,1.31581,1.37515,1.4461,1.38289,0.84108,1.76731,1.02942,2.14915,1.20616,2.12851,1.58284,1.64863
H_011F-WING,hypoxia,F,2.250730904,0.8112550097,0.58308,1.5235,0.6063,1.42417,0.5547,1.34161,0.67983,1.22422,0.7095,1.27066,0.78561,1.42933,0.84366,1.58929,1.01136,1.41901,1.00491,1.35451,1.32613,1.29517,1.30936,1.14811,1.85761,1.72732,2.2201,1.46803,2.17495,1.28227,1.55833,0.94428
H_013M-WING,hypoxia,M,1.939260508,0.6623067192,0.81915,0.89913,0.79206,0.99072,0.73401,1.03716,0.78045,1.16746,0.81786,1.14036,0.9417,1.0578,1.04748,0.96492,1.09521,1.15456,1.0707,1.19971,1.29001,1.37386,1.22293,1.45642,1.87309,1.24615,2.05369,1.60606,1.94791,1.72216,1.33645,1.73377
H_014M-WING,hypoxia,M,2.097252657,0.7406282298,1.66153,0.74304,1.56736,0.73659,1.50673,0.67983,1.37386,0.75852,1.4074,0.79464,1.52608,0.903,1.64863,1.00362,1.46029,1.08876,1.40869,1.06812,1.28227,1.33387,1.14811,1.31194,1.55188,1.93501,1.21519,2.20978,1.05264,2.1169,0.90816,1.47835
H_015M-WING,hypoxia,M,1.975777873,0.6809621805,1.00491,1.88212,0.94557,1.80472,0.8643,1.7944,0.86172,1.64089,0.903,1.64347,1.0449,1.6912,1.19068,1.74022,1.18165,1.52608,1.12875,1.49383,1.26937,1.24744,1.16359,1.19197,1.86277,1.15069,1.89115,0.75465,1.73506,0.66306,1.18165,0.88236
H_017F-WING,hypoxia,F,2.298887815,0.8324254471,0.56631,1.31452,0.59469,1.40869,0.58179,1.49383,0.73272,1.57123,0.75207,1.52608,0.774,1.36225,0.80883,1.201,0.9933,1.32097,1.00491,1.37902,1.33516,1.35322,1.36096,1.49383,1.75312,0.77013,2.18269,0.92106,2.19817,1.09263,1.67443,1.61509
H_019F-WING,hypoxia,F,2.283715405,0.8258036802,1.72732,1.92727,1.62283,1.95307,1.56091,2.02789,1.40869,1.95823,1.43707,1.91179,1.55059,1.78279,1.66798,1.66024,1.44739,1.5751,1.38934,1.59832,1.21777,1.33645,1.08618,1.41127,1.40611,0.67596,1.03716,0.41409,0.87849,0.52116,0.79335,1.23583
H_020M-WING,hypoxia,M,2.110973208,0.7471490771,0.73014,0.93525,0.7095,1.03329,0.6579,1.08618,0.71724,1.22809,0.75336,1.19842,0.86688,1.09134,0.97395,0.98169,1.06038,1.17649,1.03458,1.22809,1.29259,1.38418,1.24357,1.51447,1.91953,1.1752,2.14786,1.52995,2.03692,1.67959,1.39966,1.77505
H_021M-WING,hypoxia,M,1.988751467,0.6875070382,1.48738,0.78948,1.56349,0.83721,1.64218,0.83334,1.67959,0.97524,1.64089,0.98298,1.49254,0.96879,1.34161,0.97911,1.41772,1.14811,1.46545,1.17133,1.37773,1.45771,1.49899,1.50157,0.80754,1.69507,0.87462,2.08852,1.03974,2.12851,1.55317,1.79053
H_022F-WING,hypoxia,F,2.191380319,0.7845316281,1.0707,0.7482,0.99201,0.82044,0.90429,0.82044,0.88236,0.98298,0.92622,0.98427,1.09134,0.95589,1.24615,0.92622,1.19971,1.14294,1.15198,1.1752,1.28227,1.46416,1.15456,1.51189,1.92211,1.66153,1.93114,2.08465,1.75699,2.14786,1.14036,1.86148
H_023M-WING,hypoxia,M,1.989192619,0.6877288372,1.55446,1.88083,1.46029,1.88212,1.39708,1.92985,1.28872,1.8331,1.31839,1.80343,1.44094,1.717,1.57123,1.64734,1.40224,1.54156,1.35193,1.55317,1.25518,1.26808,1.14036,1.30162,1.57381,0.75465,1.30807,0.46053,1.15972,0.50955,0.91203,1.10424
H_024F-WING,hypoxia,F,2.243683423,0.8081189006,1.50028,1.94533,1.56865,1.88341,1.66282,1.88728,1.68733,1.717,1.63702,1.71313,1.47706,1.7428,1.30549,1.75054,1.36741,1.52608,1.41772,1.50028,1.29388,1.19713,1.43191,1.15456,0.63984,0.97653,0.66693,0.5547,0.83592,0.49149,1.45771,0.81399
H_026F-WING,hypoxia,F,2.140385625,0.7609860114,1.16101,0.68757,1.2526,0.71466,1.33645,0.6837,1.42546,0.81786,1.3816,0.83592,1.22809,0.86301,1.07457,0.93396,1.21906,1.09392,1.27453,1.0965,1.29646,1.41901,1.41256,1.4203,0.85527,1.86793,1.04361,2.23558,1.22035,2.21881,1.59316,1.71055
H_027F-WING,hypoxia,F,2.202824291,0.7897403057,0.62952,1.52221,0.67983,1.59961,0.68112,1.68862,0.85269,1.717,0.85785,1.6654,0.84108,1.50931,0.84495,1.33129,1.03716,1.41643,1.06167,1.4719,1.39063,1.35064,1.44094,1.48738,1.59961,0.71853,2.03434,0.774,2.08594,0.94428,1.74796,1.52866
H_028M-WING,hypoxia,M,2.018900948,0.7025532782,1.79569,0.9417,1.71958,0.89268,1.68088,0.82044,1.53253,0.8514,1.54285,0.88881,1.61638,1.03071,1.69249,1.17262,1.48351,1.18552,1.44223,1.14165,1.22551,1.33516,1.13778,1.24486,1.25131,1.96081,0.85398,2.07046,0.74304,1.9234,0.84237,1.3171
H_029M-WING,hypoxia,M,1.965424148,0.6757080732,1.55317,1.88599,1.61251,1.81633,1.68733,1.7944,1.69765,1.64863,1.65121,1.65508,1.50157,1.69249,1.3687,1.74796,1.38676,1.54672,1.43836,1.51705,1.28227,1.25131,1.39063,1.19842,0.69531,1.15585,0.65919,0.77142,0.81915,0.68757,1.38289,0.903
H_030M-WING,hypoxia,M,1.852161459,0.6163533135,0.74691,1.18681,0.80238,1.12488,0.79464,1.04748,0.9288,1.01652,0.93783,1.05522,0.93783,1.20229,0.93009,1.33774,1.09263,1.26163,1.1094,1.2139,1.36354,1.2913,1.39579,1.18423,1.59832,1.81117,1.97887,1.77247,2.01112,1.61767,1.67701,1.1352
H_032M-WING,hypoxia,M,2.067460846,0.7263212097,1.65508,1.79698,1.71442,1.72216,1.79698,1.70281,1.7944,1.55317,1.74796,1.55962,1.60477,1.60993,1.45384,1.65379,1.47706,1.45513,1.51189,1.42159,1.34032,1.16617,1.44481,1.10295,0.70563,1.09908,0.63339,0.70176,0.79077,0.61146,1.40095,0.77916
H_033M-WING,hypoxia,M,2.066047539,0.7256373805,1.80085,0.85527,1.84471,0.93783,1.92598,0.97266,1.88599,1.1223,1.83955,1.10424,1.72216,1.01394,1.58671,0.93912,1.54285,1.14681,1.5751,1.18423,1.36225,1.37902,1.4461,1.47319,0.73659,1.30678,0.56502,1.717,0.70434,1.82794,1.32613,1.77634
H_035F-WING,hypoxia,F,2.215875243,0.795647469,1.43191,2.0266,1.33129,2.02015,1.2526,2.04853,1.14294,1.92469,1.1881,1.8976,1.33774,1.84729,1.48222,1.7686,1.33645,1.61509,1.27711,1.61509,1.2397,1.28743,1.09908,1.3042,1.69249,0.80496,1.46029,0.42312,1.28227,0.45795,0.90945,1.01652
H_036F-WING,hypoxia,F,2.166269403,0.7730065188,0.67854,1.59961,0.7353,1.67185,0.75723,1.75441,0.91332,1.77634,0.91461,1.72603,0.88494,1.56865,0.87333,1.41772,1.07844,1.46158,1.10424,1.50673,1.38418,1.38289,1.44223,1.49125,1.57768,0.74175,2.00209,0.73143,2.06272,0.90429,1.7686,1.49383
H_037F-WING,hypoxia,F,2.160041249,0.7701273184,0.66822,1.13907,0.67596,1.23841,0.64371,1.31839,0.75723,1.43062,0.78819,1.38676,0.86817,1.23841,0.93396,1.11198,1.0707,1.25905,1.05522,1.32742,1.35967,1.39966,1.35451,1.53769,1.91566,0.99975,2.23429,1.2526,2.18785,1.42417,1.59316,1.73506
H_038M-WING,hypoxia,M,2.009017388,0.6976457411,1.28485,1.92727,1.19842,1.87954,1.11456,1.89373,1.0578,1.75312,1.10037,1.7428,1.2526,1.72474,1.39579,1.71829,1.31452,1.53511,1.25776,1.51576,1.29775,1.21648,1.17004,1.18681,1.81117,0.9288,1.70023,0.52116,1.52221,0.50826,1.0707,0.91203
H_039M-WING,hypoxia,M,2.06903595,0.7270827743,0.71982,1.12359,0.78561,1.05651,0.78432,0.97653,0.93009,0.94428,0.93525,0.98556,0.91719,1.14423,0.89526,1.29259,1.08618,1.22938,1.11069,1.18036,1.39063,1.29388,1.45126,1.17907,1.59187,1.90921,2.02015,1.88212,2.07691,1.71571,1.76473,1.15714
H_041M-WING,hypoxia,M,2.035043504,0.7105171966,0.79206,1.78666,0.75852,1.70926,0.68886,1.66669,0.72885,1.5235,0.77142,1.54414,0.9159,1.62154,1.01007,1.72603,1.06038,1.52608,1.032,1.47061,1.24744,1.30162,1.16101,1.21003,1.88857,1.40095,2.07175,1.02555,1.94533,0.903,1.27969,0.92751
H_042F-WING,hypoxia,F,2.341460066,0.8507746946,1.72216,0.71337,1.78924,0.79851,1.88728,0.81657,1.86922,1.00878,1.81246,0.99459,1.65379,0.92751,1.50544,0.87978,1.49125,1.11069,1.53898,1.15327,1.35064,1.42159,1.459,1.52221,0.6321,1.49512,0.54438,1.93759,0.6966,2.03047,1.3816,1.85245
H_043F-WING,hypoxia,F,2.113130752,0.7481706166,1.82794,1.65637,1.83697,1.56994,1.89373,1.50931,1.79956,1.37644,1.76086,1.41127,1.68088,1.54156,1.58026,1.65895,1.47964,1.48351,1.4977,1.42417,1.2139,1.32226,1.2526,1.19584,0.62436,1.62025,0.33282,1.32871,0.40506,1.17133,1.03458,0.9546
H_044M-WING,hypoxia,M,1.949970752,0.6678143735,1.84471,1.18294,1.83181,1.26421,1.88083,1.32355,1.76602,1.43062,1.74667,1.39321,1.68991,1.26163,1.61509,1.14036,1.47964,1.28356,1.48996,1.33387,1.21777,1.3945,1.23454,1.5106,0.74433,1.05135,0.4257,1.27969,0.47859,1.44094,0.99459,1.70926
H_045M-WING,hypoxia,M,2.049382257,0.7175384097,1.6525,1.94791,1.55059,1.95694,1.49125,2.01628,1.36354,1.92727,1.39192,1.88857,1.52221,1.80859,1.64605,1.70152,1.46287,1.60219,1.40611,1.6138,1.28743,1.36483,1.15456,1.3945,1.57123,0.78819,1.24486,0.51471,1.08231,0.59598,0.92364,1.21132
H_046M-WING,hypoxia,M,2.00561984,0.6959531603,1.9363,1.04361,1.92985,1.14294,1.99822,1.201,1.89631,1.31839,1.86535,1.28485,1.78279,1.1623,1.71055,1.03458,1.59961,1.19584,1.6138,1.25002,1.30936,1.35451,1.35064,1.47706,0.80367,1.04103,0.50439,1.33516,0.57792,1.48093,1.16359,1.69249
H_047F-WING,hypoxia,F,2.006337367,0.6963108542,0.83721,1.75828,0.79722,1.6783,0.72369,1.6396,0.76626,1.49254,0.80754,1.51189,0.92622,1.59574,1.05522,1.6654,1.09521,1.46287,1.06038,1.42288,1.27453,1.21906,1.19584,1.11327,1.8718,1.30033,2.03434,0.91848,1.90405,0.81141,1.28614,0.84366
H_048F-WING,hypoxia,F,2.233223079,0.803445869,0.68757,1.68733,0.76368,1.74925,0.78819,1.82794,0.94041,1.83955,0.93783,1.78279,0.8901,1.63315,0.84237,1.47448,1.0707,1.48609,1.10811,1.53124,1.37773,1.35838,1.46803,1.46674,1.45255,0.67983,1.88986,0.61533,1.9879,0.7611,1.80085,1.42933
H_049M-WING,hypoxia,M,2.019151927,0.7026775852,1.82278,1.58284,1.76602,1.64218,1.76344,1.71829,1.61122,1.74151,1.61122,1.69378,1.64218,1.55059,1.66669,1.4074,1.46545,1.44094,1.43836,1.49125,1.16875,1.36612,1.09908,1.47577,1.02942,0.77142,0.61662,0.75336,0.5418,0.91848,0.81141,1.48996
H_050F-WING,hypoxia,F,2.146520458,0.7638481394,1.3042,1.97887,1.38805,1.95178,1.4719,1.96468,1.53769,1.81762,1.48996,1.80085,1.3429,1.78795,1.17907,1.76086,1.2913,1.57639,1.34935,1.56091,1.30549,1.26292,1.43965,1.22938,0.73917,0.89913,0.86043,0.49278,1.03845,0.4773,1.54414,0.93267
H_053F-WING,hypoxia,F,2.23666251,0.8049848038,1.07586,1.93372,1.0062,1.86535,0.91848,1.846,0.91848,1.68088,0.96492,1.68862,1.12488,1.72861,1.27711,1.76989,1.2526,1.55962,1.20874,1.51447,1.37128,1.24228,1.26034,1.16101,2.05369,1.12359,2.10658,0.67983,1.94017,0.59469,1.29388,0.83205
H_054M-WING,hypoxia,M,2.000400782,0.6933475514,1.52608,0.87075,1.4332,0.87333,1.3687,0.8256,1.25518,0.92622,1.28872,0.95589,1.42159,1.03845,1.54672,1.11585,1.39192,1.22293,1.33903,1.21003,1.2526,1.50802,1.13649,1.47319,1.59703,2.00209,1.33258,2.31557,1.16359,2.25106,0.92364,1.68604
H_056F-WING,hypoxia,F,2.252378604,0.8119868151,1.77247,0.8127,1.67959,0.77658,1.6267,0.69402,1.45513,0.75207,1.47577,0.80367,1.58542,0.93912,1.69636,1.06941,1.47448,1.11198,1.41643,1.0707,1.18165,1.34935,1.05522,1.26421,1.3042,2.02144,0.89268,2.17624,0.7611,2.0524,0.75981,1.39708
H_057M-WING,hypoxia,M,2.047027069,0.7163885304,0.97524,1.93888,1.06167,1.96081,1.11972,2.01241,1.25002,1.94275,1.22809,1.90534,1.11585,1.79827,1.00362,1.68862,1.1881,1.61251,1.24357,1.63444,1.39708,1.35709,1.51189,1.40998,1.18036,0.78561,1.51963,0.5547,1.6654,0.64629,1.75957,1.27711
H_058M-WING,hypoxia,M,1.9657297,0.6758635248,1.06425,1.88083,0.99201,1.81891,0.91848,1.81762,0.88881,1.67701,0.93138,1.67443,1.07844,1.69378,1.21777,1.69507,1.16746,1.51834,1.12101,1.49512,1.22809,1.22422,1.11843,1.17391,1.80343,1.04748,1.78537,0.64629,1.62154,0.58824,1.07844,0.88623
H_059M-WING,hypoxia,M,1.935238647,0.6602306507,1.87696,1.70152,1.88083,1.61122,1.9363,1.56349,1.86535,1.43707,1.83697,1.46416,1.73893,1.57768,1.64347,1.68088,1.56478,1.50415,1.58929,1.46287,1.33129,1.32871,1.37902,1.21777,0.7869,1.56349,0.53019,1.24357,0.62952,1.10037,1.22035,0.98169
H_060F-WING,hypoxia,F,2.224328527,0.7994550846,1.18423,0.71466,1.28227,0.76368,1.36999,0.71724,1.46416,0.85656,1.41643,0.8772,1.25002,0.91848,1.07715,0.96363,1.21777,1.13907,1.28614,1.14681,1.28098,1.49383,1.43965,1.50415,0.74562,1.8976,0.94428,2.30267,1.12488,2.30009,1.58671,1.76344
H_061F-WING,hypoxia,F,2.069742714,0.7274243066,0.69402,1.04232,0.69144,1.13778,0.62178,1.19713,0.72627,1.3171,0.75594,1.28872,0.83076,1.16101,0.94041,1.05651,1.03458,1.21132,1.0191,1.26163,1.29904,1.36612,1.27582,1.48996,1.86664,1.04748,2.15818,1.35709,2.09497,1.5106,1.47577,1.71958
H_062F-WING,hypoxia,F,2.236060622,0.8047156666,1.94662,1.69378,1.86535,1.76731,1.86148,1.86406,1.67701,1.86019,1.68217,1.81246,1.72603,1.64734,1.76086,1.48867,1.53898,1.50544,1.50157,1.55575,1.23454,1.40869,1.13649,1.5235,1.12488,0.73272,0.68112,0.68112,0.5934,0.84108,0.81657,1.49383
H_063M-WING,hypoxia,M,1.972690546,0.6793983703,0.72885,1.64089,0.72111,1.5493,0.67467,1.48738,0.76626,1.37128,0.79206,1.40611,0.87075,1.52737,0.95073,1.6396,1.06167,1.47448,1.04748,1.41901,1.33774,1.3042,1.30549,1.18552,1.84729,1.58155,2.11819,1.29388,2.04079,1.14036,1.48609,0.97008
H_064M-WING,hypoxia,M,2.029867405,0.707970473,0.94041,1.88857,0.87075,1.82278,0.7998,1.79956,0.80109,1.66153,0.84753,1.66798,0.9675,1.71442,1.12101,1.73248,1.10166,1.54801,1.06038,1.52479,1.22422,1.26163,1.13778,1.18939,1.83181,1.15585,1.89373,0.75723,1.73119,0.6837,1.1352,0.89784
H_065M-WING,hypoxia,M,1.971145887,0.6786150419,1.37773,1.99435,1.29001,1.9621,1.21132,1.98919,1.13391,1.84987,1.17907,1.83439,1.31968,1.80343,1.44739,1.76473,1.34032,1.60348,1.29388,1.6009,1.29646,1.30807,1.17778,1.30033,1.74538,0.9546,1.59832,0.57147,1.41385,0.57405,1.032,1.02297
H_067M-WING,hypoxia,M,1.962477471,0.6742076907,0.65403,1.44481,0.70692,1.36741,0.70692,1.28743,0.82818,1.23067,0.83979,1.27453,0.84753,1.42546,0.85527,1.5622,1.032,1.48351,1.05006,1.42933,1.32742,1.47964,1.36612,1.35967,1.60606,2.02144,2.00596,1.92985,2.02273,1.75828,1.64089,1.28227
H_068F-WING,hypoxia,F,2.102054956,0.7429154168,1.26292,0.89139,1.34677,0.94815,1.42546,0.92493,1.49512,1.06038,1.44997,1.0707,1.29259,1.09263,1.13391,1.11585,1.24228,1.29001,1.3042,1.30033,1.26808,1.60606,1.39579,1.63702,0.71853,1.97242,0.85656,2.35814,1.02426,2.38136,1.50673,1.93888
H_069F-WING,hypoxia,F,2.115417128,0.7492520165,0.98943,2.07562,1.08618,2.06917,1.15972,2.10529,1.26937,2.0008,1.23325,1.96855,1.09005,1.91179,0.95073,1.82278,1.11327,1.67185,1.17004,1.68733,1.23841,1.39708,1.36225,1.4461,0.85398,0.86559,1.10811,0.54438,1.28614,0.58695,1.56994,1.18552
H_070F-WING,hypoxia,F,2.266543813,0.818256122,0.58695,1.7815,0.59985,1.66927,0.54051,1.6009,0.65016,1.47061,0.67725,1.50931,0.77013,1.65637,0.84366,1.80085,0.98556,1.61896,0.9675,1.55317,1.28743,1.44481,1.25002,1.30549,1.87825,1.80085,2.21107,1.50544,2.15044,1.32613,1.49641,1.06554
H_071M-WING,hypoxia,M,1.982560009,0.6843889435,1.16746,0.92364,1.08747,0.96492,1.0062,0.94944,0.9546,1.08876,0.99588,1.10037,1.14423,1.11198,1.28872,1.12359,1.19971,1.30162,1.15069,1.3171,1.19713,1.588,1.08489,1.62154,1.72861,1.89889,1.63573,2.2846,1.46932,2.30654,1.00104,1.91695
H_072F-WING,hypoxia,F,2.275810779,0.8223363753,0.80754,0.91719,0.92493,0.91203,0.97911,0.8256,1.13649,0.90687,1.09908,0.9546,0.97395,1.07328,0.83979,1.17778,1.05264,1.28227,1.11456,1.25131,1.28614,1.57252,1.41385,1.48351,1.0062,2.18785,1.39966,2.4665,1.54285,2.3633,1.68475,1.66927
H_073F-WING,hypoxia,F,2.200839332,0.788838802,1.15714,2.10271,1.06683,2.05756,0.97911,2.06401,0.9159,1.91824,0.96105,1.9105,1.1223,1.89631,1.28356,1.87696,1.17649,1.69507,1.11843,1.67959,1.16617,1.35322,1.02813,1.32613,1.75054,0.99975,1.64605,0.58824,1.46803,0.56244,0.92493,1.00749
H_074M-WING,hypoxia,M,2.100422065,0.742138308,1.23583,2.10787,1.14552,2.07949,1.06296,2.08723,0.98298,1.95307,1.03071,1.93759,1.18165,1.91437,1.33774,1.87696,1.22035,1.69765,1.1623,1.69249,1.17778,1.38418,1.04748,1.38418,1.67572,0.98427,1.51963,0.60114,1.35451,0.61662,0.90687,1.09134
H_077F-WING,hypoxia,F,2.183846939,0.7810879726,0.63597,1.2784,0.70047,1.20874,0.70047,1.11198,0.87333,1.09779,0.87333,1.1494,0.84753,1.30936,0.83463,1.46545,1.04619,1.42159,1.07715,1.36225,1.33903,1.48351,1.40095,1.36741,1.54027,2.12206,1.98919,2.12464,2.03692,1.97887,1.75441,1.37515
H_078M-WING,hypoxia,M,1.953326354,0.6695337417,0.66306,1.27066,0.72627,1.20487,0.74175,1.12746,0.88752,1.10166,0.88494,1.14811,0.85914,1.30291,0.82689,1.43836,1.00878,1.38934,1.04619,1.34161,1.3171,1.46158,1.38676,1.34935,1.41772,2.03692,1.86277,2.03434,1.92598,1.88083,1.67443,1.3429
H_079M-WING,hypoxia,M,2.007287949,0.6967845319,0.63855,1.39966,0.66822,1.48351,0.66048,1.56349,0.77916,1.62928,0.80109,1.58671,0.83076,1.44352,0.85656,1.30291,1.01652,1.41127,1.02297,1.46287,1.32226,1.44223,1.34161,1.56607,1.71571,0.97137,2.0782,1.12488,2.06788,1.28227,1.60735,1.69378
H_07M-WING,hypoxia,-,2.077983957,0.7313981723,0.76497,1.07715,0.82431,1.0191,0.8514,0.93912,1.00233,0.93783,1.00233,0.98169,0.95718,1.13649,0.90816,1.27969,1.10811,1.25389,1.14294,1.20874,1.41256,1.37128,1.47706,1.26292,1.48867,2.00209,1.91824,2.05369,1.99435,1.90405,1.79053,1.2784
H_080M-WING,hypoxia,M,2.039214393,0.7125646324,0.81657,1.03071,0.7869,1.11972,0.72756,1.16617,0.78045,1.30936,0.81786,1.28743,0.94815,1.19197,1.06167,1.09908,1.11327,1.2913,1.08231,1.33774,1.33,1.53898,1.25002,1.64992,1.91308,1.3945,2.11045,1.76731,1.99306,1.8976,1.36354,1.92469
H_081F-WING,hypoxia,F,2.213502131,0.7945759361,1.32871,2.04337,1.41772,1.98532,1.49641,1.99435,1.57252,1.85245,1.52479,1.83955,1.35193,1.82536,1.1881,1.81762,1.29259,1.61767,1.36096,1.60348,1.32097,1.27582,1.46545,1.26034,0.74562,0.89784,0.88623,0.48633,1.07715,0.47859,1.56865,0.94299
H_083M-WING,hypoxia,M,1.850663983,0.6155444847,0.71337,1.14165,0.71466,1.22938,0.67725,1.29001,0.73014,1.40095,0.76497,1.37515,0.85398,1.26163,0.91848,1.15456,1.02942,1.32871,1.01652,1.3816,1.26034,1.50028,1.19971,1.59961,1.73377,1.22938,2.01628,1.52221,1.93372,1.67701,1.38805,1.83439
H_084M-WING,hypoxia,M,1.859430869,0.6202704566,1.22164,0.88881,1.30033,0.91719,1.36225,0.88752,1.44223,0.99459,1.4074,1.01652,1.27324,1.05264,1.13391,1.09521,1.25647,1.23454,1.30936,1.23583,1.31581,1.51189,1.42804,1.50931,0.87591,1.89373,1.06554,2.23429,1.22293,2.21107,1.57639,1.74796
H_085M-WING,hypoxia,M,1.954636789,0.6702043907,1.83181,1.74796,1.75957,1.8073,1.73893,1.88212,1.59445,1.88212,1.60348,1.83697,1.64218,1.70023,1.68604,1.56349,1.49899,1.58929,1.4719,1.62799,1.21777,1.48351,1.15198,1.5751,1.13004,0.87849,0.74562,0.82431,0.66177,0.97524,0.87075,1.55446
H_086M-WING,hypoxia,M,2.078960346,0.7318679351,1.05393,0.86817,1.14811,0.88107,1.21777,0.84624,1.32355,0.93912,1.29388,0.97137,1.15714,1.04361,1.0191,1.10166,1.18036,1.25518,1.23454,1.24099,1.3042,1.51834,1.42804,1.47964,0.93654,2.07949,1.19326,2.36588,1.36354,2.31686,1.6525,1.75441
H_087F-WING,hypoxia,F,2.290794122,0.8288985357,0.95202,0.83076,0.87978,0.91461,0.79851,0.93267,0.78432,1.09263,0.83334,1.0836,0.98943,1.0449,1.15069,0.99201,1.12746,1.22035,1.07973,1.25776,1.23841,1.5364,1.11456,1.60864,1.9492,1.66927,2.01499,2.10916,1.84084,2.20978,1.13262,1.95565
H_088M-WING,hypoxia,M,2.117925037,0.7504368533,1.77247,1.98145,1.67314,2.00854,1.62025,2.0653,1.48738,2.01757,1.50673,1.97887,1.61122,1.86148,1.71571,1.7428,1.51189,1.68217,1.46287,1.71184,1.28356,1.44997,1.16488,1.51576,1.45255,0.80883,1.07844,0.61146,0.93912,0.72111,0.88494,1.38289
H_089F-WING,hypoxia,F,2.407139578,0.8784391454,0.6321,1.06167,0.70692,0.99459,0.73401,0.90429,0.89913,0.89526,0.89526,0.94944,0.84366,1.11327,0.78561,1.28098,1.03071,1.26163,1.06683,1.20745,1.38031,1.40482,1.46932,1.26808,1.48351,2.12335,1.9621,2.18656,2.06014,2.01628,1.80601,1.29001
H_090M-WING,hypoxia,M,2.162178352,0.7711162099,1.75183,0.92493,1.79569,1.00749,1.87825,1.03845,1.8331,1.18939,1.79182,1.17262,1.65121,1.10424,1.5235,1.01523,1.48996,1.22938,1.52479,1.27066,1.29517,1.4977,1.38676,1.6009,0.63468,1.42933,0.47859,1.83181,0.62049,1.96597,1.30678,1.90921
H_091M-WING,hypoxia,M,2.034572054,0.7102855041,1.81762,1.0965,1.84084,1.18165,1.91179,1.23712,1.83955,1.38031,1.79827,1.34935,1.68991,1.24615,1.59445,1.13391,1.51189,1.33774,1.54027,1.38805,1.27969,1.56349,1.35967,1.66669,0.71208,1.39579,0.48246,1.73377,0.59211,1.86664,1.20229,1.95307
H_092F-WING,hypoxia,F,2.306015978,0.8355213505,1.10166,0.71466,1.20229,0.73659,1.27969,0.68886,1.39063,0.80625,1.35193,0.83592,1.19713,0.91074,1.04748,0.96621,1.21261,1.1352,1.27582,1.12488,1.32484,1.47448,1.47061,1.4461,0.88752,2.00209,1.12488,2.39426,1.30291,2.35556,1.66153,1.71958
H_093F-WING,hypoxia,F,2.179448264,0.7790717551,1.38418,0.79077,1.46803,0.84495,1.55833,0.82947,1.61509,0.97782,1.56736,0.98814,1.40611,0.98814,1.23712,0.98814,1.33258,1.19197,1.3945,1.21132,1.32226,1.52737,1.46416,1.57639,0.72498,1.82665,0.81399,2.26009,0.99975,2.29105,1.55317,1.87309
H_094M-WING,hypoxia,M,2.089582559,0.7369643136,1.64605,0.88623,1.55446,0.86172,1.50157,0.80754,1.37128,0.86817,1.39579,0.90687,1.4977,1.01265,1.61251,1.12101,1.41901,1.1881,1.37386,1.16359,1.21777,1.42546,1.10037,1.36096,1.41385,2.05369,1.05264,2.28589,0.90558,2.17624,0.81657,1.52737
H_095F-WING,hypoxia,F,2.139993628,0.7608028512,0.82302,1.12875,0.90687,1.07715,0.93396,0.99975,1.09521,1.00749,1.08618,1.05264,1.02297,1.19713,0.95202,1.32871,1.18423,1.34419,1.22035,1.29904,1.45513,1.47061,1.5106,1.35451,1.51189,2.13496,1.91695,2.23171,2.03563,2.08723,1.88341,1.42675
H_096M-WING,hypoxia,M,2.115609092,0.749342758,0.63081,1.74022,0.63984,1.65379,0.60372,1.57897,0.70176,1.45771,0.73014,1.49641,0.80625,1.64218,0.87204,1.79053,1.00749,1.61638,1.00233,1.55704,1.31194,1.47835,1.26034,1.35064,1.83439,1.85632,2.16592,1.57123,2.09626,1.39192,1.51318,1.13391
H_097M-WING,hypoxia,M,2.078647669,0.7317175231,2.03434,1.39708,2.00596,1.4848,2.02918,1.56349,1.90276,1.64218,1.88341,1.59574,1.84987,1.44481,1.83955,1.30033,1.64347,1.40869,1.6396,1.47061,1.32742,1.46158,1.33258,1.59187,0.91719,0.96234,0.55212,1.13649,0.57276,1.31968,1.0449,1.73377
H_099M-WING,hypoxia,M,2.095969624,0.7400162739,1.63831,2.0395,1.54543,2.05369,1.48738,2.09497,1.36483,2.03176,1.39192,1.99951,1.50415,1.89502,1.62283,1.80343,1.43965,1.70023,1.38934,1.717,1.26163,1.46029,1.15972,1.51963,1.51705,0.85914,1.201,0.57018,1.04877,0.65016,0.89268,1.32097
H_100M-WING,hypoxia,M,2.052022213,0.7188257523,0.63339,1.30162,0.6837,1.22164,0.67596,1.13133,0.82044,1.09521,0.82689,1.13907,0.83076,1.29646,0.80754,1.4461,1.00749,1.37128,1.02942,1.31968,1.31323,1.39708,1.34548,1.26421,1.56865,1.98274,1.98274,1.91308,2.03563,1.72861,1.65121,1.18939
H_101M-WING,hypoxia,M,1.984467004,0.6853503664,1.71958,1.97371,1.63702,2.01112,1.588,2.08078,1.44997,2.01112,1.4719,1.97629,1.56607,1.86535,1.66024,1.76086,1.46416,1.6783,1.41772,1.70281,1.25389,1.47835,1.15198,1.5493,1.41643,0.89526,1.06683,0.69789,0.93267,0.80109,0.88236,1.41385
H_102F-WING,hypoxia,F,2.359993006,0.8586586554,0.67209,1.16875,0.73401,1.08876,0.73788,1.00104,0.90042,0.96621,0.903,1.01265,0.89268,1.18423,0.88623,1.36354,1.10295,1.29001,1.12746,1.23454,1.43062,1.35064,1.48996,1.21777,1.72087,2.04466,2.16334,2.01241,2.22397,1.82407,1.84987,1.18294
H_103F-WING,hypoxia,F,2.188457509,0.783196962,1.96339,1.46416,1.93243,1.56091,1.95049,1.64476,1.81246,1.72216,1.79569,1.67443,1.76344,1.51318,1.7299,1.35322,1.55704,1.46932,1.54672,1.52995,1.2268,1.50544,1.22422,1.64863,0.83592,0.95976,0.41925,1.09908,0.41796,1.28872,0.90816,1.78537
H_106M-WING,hypoxia,M,1.872786586,0.6274274746,1.81891,1.81246,1.7428,1.86277,1.71958,1.93114,1.58542,1.91308,1.59445,1.87567,1.64863,1.74409,1.71055,1.62412,1.52608,1.61638,1.48996,1.65121,1.28614,1.47835,1.21648,1.56994,1.28614,0.903,0.9159,0.79077,0.81786,0.91461,0.93396,1.50931
H_107M-WING,hypoxia,M,1.807378712,0.5918775699,0.84237,0.99975,0.80496,1.07457,0.73272,1.10037,0.78045,1.23325,0.81786,1.21648,0.92751,1.1494,1.04619,1.08876,1.07199,1.2526,1.05006,1.29001,1.23841,1.44997,1.16488,1.52479,1.77634,1.41643,1.95049,1.75183,1.80988,1.84729,1.26421,1.79569
H_108F-WING,hypoxia,F,2.04975103,0.7177183368,1.23196,0.80109,1.1352,0.84237,1.05264,0.83205,0.98814,0.97266,1.03587,0.98556,1.18423,1.00491,1.32484,1.0062,1.22938,1.22035,1.18165,1.23454,1.21906,1.50673,1.09392,1.49125,1.71829,1.86019,1.62928,2.2459,1.44481,2.2588,0.97008,1.81891
H_108M-WING,hypoxia,M,1.929224139,0.6571179218,1.10166,0.84753,1.03458,0.89526,0.95589,0.88881,0.93009,1.03458,0.97137,1.03587,1.11327,1.03845,1.25389,1.02942,1.18552,1.19455,1.1494,1.21648,1.24357,1.47319,1.14811,1.51318,1.77763,1.68733,1.77118,2.10142,1.60993,2.13754,1.1094,1.80859
H_109F-WING,hypoxia,F,2.194969285,0.7861680534,1.64218,2.01241,1.53898,2.0266,1.47964,2.09497,1.3429,1.99951,1.37515,1.95952,1.50157,1.8847,1.62025,1.7557,1.44094,1.64863,1.38418,1.66153,1.26679,1.38289,1.14681,1.44352,1.55317,0.76884,1.24615,0.47601,1.08231,0.55083,0.87849,1.22293
H_110M-WING,hypoxia,M,1.921212737,0.6529566206,0.93267,0.8901,1.032,0.87204,1.07457,0.81012,1.20616,0.8772,1.18294,0.90945,1.07715,1.01781,0.96105,1.10037,1.15069,1.18165,1.19842,1.15714,1.33645,1.3945,1.4461,1.34677,1.15069,1.95307,1.4719,2.18914,1.60219,2.08594,1.68862,1.50673
H_111F-WING,hypoxia,F,1.934978194,0.6600960573,1.90921,1.26937,1.85374,1.201,1.85245,1.11456,1.70539,1.08747,1.7041,1.13133,1.71313,1.29001,1.75183,1.4203,1.54801,1.37386,1.51447,1.32613,1.2655,1.41643,1.21906,1.30807,1.11972,1.96726,0.67338,1.96984,0.62694,1.80085,0.92364,1.26937
H_112M-WING,hypoxia,M,1.944137558,0.6648184639,0.72756,1.23712,0.72885,1.32355,0.68112,1.39192,0.78561,1.49254,0.81657,1.45771,0.88881,1.33129,0.95847,1.20487,1.07844,1.35193,1.06812,1.40353,1.35064,1.4719,1.31968,1.58413,1.80859,1.1094,2.13883,1.3687,2.08465,1.52737,1.5364,1.78021
H_113M-WING,hypoxia,M,1.871232242,0.6265971666,1.47835,0.85785,1.54543,0.92106,1.62412,0.91977,1.64605,1.06425,1.6009,1.06941,1.45642,1.05006,1.31581,1.0191,1.37515,1.19713,1.42288,1.22164,1.31968,1.48738,1.42933,1.54414,0.77271,1.63057,0.79464,2.0395,0.94815,2.09626,1.46932,1.80472
H_114M-WING,hypoxia,M,1.846926973,0.6135231625,0.83721,1.03587,0.90429,0.99588,0.93396,0.92364,1.06812,0.94815,1.05651,0.98298,0.99588,1.11198,0.9288,1.23067,1.11198,1.2397,1.14294,1.2139,1.33645,1.38805,1.41514,1.31839,1.31323,1.95049,1.68217,2.08852,1.77376,1.96468,1.69249,1.3945
H_116F-WING,hypoxia,F,2.278875319,0.8236820401,0.62049,1.73377,0.61146,1.63315,0.56244,1.56478,0.65532,1.42675,0.69015,1.46416,0.7869,1.60348,0.90429,1.74796,1.00104,1.55188,0.98298,1.49383,1.29775,1.3816,1.24357,1.2526,1.9234,1.72603,2.24332,1.41256,2.17108,1.24486,1.48351,1.00104
H_118F-WING,hypoxia,F,2.126958191,0.7546928796,1.201,2.04724,1.1094,1.99177,1.02684,1.99822,0.97266,1.85245,1.02426,1.84084,1.17907,1.84213,1.33129,1.84084,1.25647,1.64347,1.19842,1.62541,1.27324,1.32355,1.14294,1.29646,1.85374,1.03974,1.80085,0.62307,1.62025,0.58824,1.06554,0.97008
H_119M-WING,hypoxia,M,1.905797226,0.6449004123,0.94686,0.90816,0.90171,0.98298,0.83205,1.01265,0.84624,1.14811,0.88236,1.13649,1.01523,1.07844,1.14552,1.01781,1.13907,1.20229,1.10811,1.23454,1.29388,1.45126,1.21003,1.53253,1.88083,1.43965,1.98532,1.82665,1.85632,1.92598,1.2655,1.80859
H_120F-WING,hypoxia,F,2.258353172,0.8146358626,1.99693,1.27324,1.9879,1.37128,2.03047,1.45126,1.90534,1.56607,1.87438,1.52092,1.80601,1.37128,1.73248,1.22164,1.5751,1.37773,1.57639,1.44094,1.28098,1.49125,1.27582,1.63315,0.74433,1.04619,0.34959,1.27711,0.39087,1.45513,1.01394,1.8202
H_121M-WING,hypoxia,M,1.977907822,0.6820396307,0.86301,0.93654,0.94944,0.90945,0.99072,0.84624,1.12617,0.87978,1.1094,0.91977,1.02426,1.05522,0.93525,1.17133,1.13004,1.20745,1.17778,1.18423,1.34935,1.39192,1.45384,1.32484,1.23067,1.98919,1.60477,2.18656,1.7299,2.06014,1.72216,1.43965
H_122M-WING,hypoxia,M,2.016783303,0.7015038181,1.15069,0.84495,1.23712,0.86301,1.31065,0.82818,1.40869,0.94299,1.36741,0.96621,1.22938,1.03071,1.08876,1.06941,1.23583,1.2139,1.29001,1.21132,1.33258,1.51834,1.45771,1.50286,0.903,1.95307,1.11585,2.3117,1.28872,2.28202,1.6396,1.73248
H_123M-WING,hypoxia,M,1.967022562,0.6765210096,1.38031,0.8514,1.46287,0.90171,1.54156,0.89397,1.58542,1.02942,1.54414,1.04103,1.39063,1.05522,1.24744,1.05006,1.33258,1.21519,1.38289,1.24228,1.31581,1.53124,1.4332,1.56091,0.77916,1.78021,0.86043,2.19043,1.02684,2.21623,1.51705,1.83955
H_125M-WING,hypoxia,M,2.029256852,0.7076696431,1.01652,0.89397,0.96105,0.97008,0.87978,0.9804,0.87849,1.13262,0.92106,1.12746,1.0707,1.07973,1.21519,1.032,1.19842,1.23325,1.15585,1.26937,1.31968,1.53382,1.21003,1.60477,1.92598,1.62025,1.96468,2.0266,1.81117,2.104,1.2139,1.88599
H_127M-WING,hypoxia,M,1.856845653,0.6188791626,1.4332,0.86559,1.50673,0.90558,1.58026,0.90171,1.62025,1.02684,1.58542,1.032,1.44223,1.04361,1.29904,1.05393,1.39192,1.19713,1.43191,1.21261,1.37128,1.46545,1.47577,1.49254,0.84624,1.72345,0.90687,2.11432,1.06554,2.14657,1.54285,1.7815
H_129M-WING,hypoxia,M,2.068619089,0.7268812781,1.38289,0.75078,1.29001,0.774,1.21003,0.73917,1.12875,0.86946,1.17004,0.8901,1.31581,0.93783,1.46803,0.98685,1.33516,1.14811,1.27969,1.14294,1.26421,1.42546,1.14552,1.42288,1.72732,1.88341,1.52866,2.25106,1.35064,2.22913,0.97653,1.70797
H_131F-WING,hypoxia,F,2.305055446,0.835104731,0.86559,1.97113,0.97524,2.00467,1.02168,2.09884,1.201,2.01757,1.17004,1.97371,1.05393,1.84342,0.92751,1.72216,1.16101,1.64476,1.21648,1.67701,1.42804,1.39837,1.55317,1.48222,1.25905,0.71079,1.65508,0.5031,1.79698,0.63468,1.85374,1.32613
H_132F-WING,hypoxia,F,2.209828318,0.7929148281,0.93009,1.98532,0.86946,1.91437,0.79335,1.88341,0.79206,1.7299,0.83979,1.73764,0.99072,1.79311,1.15714,1.83568,1.1352,1.62025,1.08876,1.58155,1.25647,1.32355,1.14036,1.24873,1.94662,1.2268,2.00854,0.78561,1.83568,0.68886,1.18165,0.91848
C_001F-WING,cold,F,2.47154439,0.9048432143,1.17774,2.07594,1.28775,2.05005,1.37835,2.09147,1.47153,1.94263,1.42106,1.92192,1.26057,1.87145,1.08197,1.80415,1.23987,1.61778,1.29681,1.61649,1.30975,1.26704,1.456,1.27352,0.783,0.71959,1.00691,0.28861,1.22045,0.31579,1.64884,0.92278
C_003M-WING,cold,M,2.592146588,0.9524863311,2.09923,1.0988,2.07594,1.21657,2.1303,1.30846,1.98922,1.43012,1.95816,1.37835,1.88698,1.20104,1.80674,1.01467,1.63461,1.19716,1.63849,1.2774,1.25022,1.32917,1.28387,1.49224,0.63158,0.81665,0.22131,1.0975,0.27696,1.3214,0.96161,1.72779
C_005F-WING,cold,F,2.988553859,1.094789611,0.48663,1.91934,0.46203,1.78603,0.37662,1.70061,0.48533,1.50777,0.53839,1.55566,0.66911,1.71873,0.83089,1.87922,0.98879,1.62166,0.95902,1.54142,1.37188,1.36411,1.28516,1.18163,2.21571,1.68508,2.54445,1.27999,2.41503,1.06515,1.52848,0.85289
C_006M-WING,cold,M,2.579616415,0.9476407115,0.62899,1.06515,0.63676,1.18163,0.5824,1.26963,0.717,1.40294,0.75712,1.35117,0.83477,1.1881,0.92149,1.01855,1.0975,1.19845,1.08456,1.26575,1.47542,1.3447,1.43918,1.51813,2.09535,0.87748,2.49656,1.19457,2.43056,1.39388,1.70708,1.76144
C_007M-WING,cold,M,2.603527237,0.9568671554,1.92451,1.80803,1.82227,1.86498,1.77309,1.95557,1.59319,1.91287,1.61002,1.85592,1.70967,1.69932,1.81192,1.53624,1.56213,1.48706,1.51036,1.53107,1.2541,1.23081,1.11562,1.33564,1.3227,0.43874,0.85677,0.25366,0.70923,0.41933,0.77912,1.2334
C_008M-WING,cold,M,2.638576078,0.9702394071,0.79724,0.5811,0.91113,0.56169,0.9849,0.48792,1.14021,0.58369,1.0975,0.63546,0.96161,0.75324,0.81148,0.88784,1.04055,0.99267,1.0988,0.96161,1.25022,1.31364,1.40035,1.25281,0.95384,2.09276,1.3434,2.41891,1.54142,2.3089,1.71355,1.48189
C_013F-WING,cold,F,2.98528382,1.093694824,0.37014,1.22822,0.4465,1.11433,0.41933,0.98879,0.63028,0.90596,0.64452,0.97714,0.64582,1.19586,0.67041,1.42365,0.94866,1.30587,0.96549,1.22563,1.40035,1.31623,1.45341,1.1208,1.91028,2.07982,2.41891,1.91804,2.44479,1.67343,1.85462,1.0082
C_014F-WING,cold,F,3.070958732,1.121989803,1.04444,0.31579,0.93313,0.39085,0.82054,0.39603,0.76359,0.58757,0.83477,0.60311,1.03797,0.5811,1.26963,0.58369,1.18292,0.85807,1.11044,0.88784,1.26057,1.31364,1.07032,1.3667,2.11606,1.7705,2.02029,2.31149,1.77956,2.36196,1.00043,1.83651
C_015M-WING,cold,M,2.513855653,0.9218176914,0.51251,1.53883,0.54357,1.43788,0.49827,1.33952,0.64582,1.24763,0.67299,1.29164,0.73253,1.45989,0.79336,1.64625,0.98749,1.47542,0.98231,1.4107,1.36541,1.38353,1.37058,1.21657,1.91157,1.91545,2.32572,1.67732,2.29855,1.47283,1.66308,1.01208
C_016F-WING,cold,F,2.949702659,1.081704372,0.73382,1.9491,0.67041,1.83392,0.56687,1.78085,0.59405,1.57766,0.66005,1.59319,0.84254,1.69414,1.04832,1.79768,1.07809,1.50389,1.01985,1.44953,1.30975,1.13762,1.19716,0.97714,2.24031,1.09362,2.38138,0.59275,2.19501,0.44262,1.29293,0.59275
C_017M-WING,cold,M,2.646529359,0.9732491059,0.79465,1.86498,0.74418,1.75626,0.65487,1.70838,0.70147,1.52848,0.75453,1.55178,0.91372,1.65531,1.08715,1.75626,1.12468,1.50389,1.08068,1.44953,1.35764,1.19975,1.25669,1.06515,2.1976,1.25022,2.39044,0.79336,2.22219,0.63546,1.38094,0.695
C_018F-WING,cold,F,3.074992693,1.123302525,0.42838,1.30199,0.48921,1.17774,0.46851,1.05091,0.66782,0.95772,0.69629,1.02891,0.69888,1.2334,0.74935,1.47412,1.0302,1.34858,1.05091,1.26704,1.48706,1.34858,1.54142,1.14021,2.03193,2.11994,2.55092,1.95687,2.56774,1.71744,1.9284,1.0082
C_019F-WING,cold,F,2.972861427,1.089524932,0.94996,0.51639,0.85548,0.60699,0.73253,0.61346,0.69758,0.83089,0.77394,0.83089,0.97843,0.78947,1.19845,0.75065,1.16221,1.05738,1.08326,1.08585,1.27999,1.48059,1.0988,1.57119,2.151,1.74591,2.15489,2.29596,1.93357,2.38267,1.0755,1.98793
C_020M-WING,cold,M,2.690948583,0.9898937644,1.95946,1.75238,2.00864,1.64108,2.09923,1.58284,2.04229,1.40423,1.98664,1.43012,1.83909,1.54142,1.67214,1.65531,1.60484,1.39647,1.64367,1.33823,1.33823,1.0988,1.44306,0.97067,0.50733,1.22045,0.28731,0.74935,0.44003,0.58369,1.30717,0.60052
C_022M-WING,cold,M,2.551661412,0.936744681,0.54875,1.44177,0.5811,1.3227,0.54228,1.22563,0.68594,1.11562,0.71182,1.16739,0.76877,1.34211,0.8283,1.53495,1.02502,1.36023,1.01855,1.28905,1.41329,1.26057,1.39776,1.09103,1.97369,1.81968,2.38396,1.57248,2.36326,1.34599,1.69932,0.88913
C_023F-WING,cold,F,2.958636285,1.084728448,1.13892,2.25584,1.04444,2.16783,0.9189,2.17042,0.88136,1.94781,0.9629,1.94522,1.15315,1.9944,1.39129,2.00476,1.3434,1.69673,1.27222,1.66437,1.43141,1.29034,1.26316,1.19327,2.29078,0.92925,2.23125,0.41933,2.00734,0.34297,1.21528,0.79336
C_024F-WING,cold,F,2.956630921,1.084050418,1.0082,0.64582,0.91372,0.74418,0.79724,0.76877,0.78689,0.98231,0.86842,0.97843,1.05997,0.91243,1.2774,0.85807,1.26963,1.1648,1.19845,1.20104,1.42106,1.57248,1.25022,1.68508,2.33737,1.76403,2.36067,2.27784,2.14583,2.39691,1.26446,2.10053
C_026M-WING,cold,M,2.473313425,0.9055587194,0.63158,1.84686,0.59016,1.74591,0.50992,1.68896,0.5604,1.5246,0.60828,1.54789,0.74806,1.65661,0.90078,1.76403,0.95643,1.5246,0.91501,1.47024,1.2101,1.22822,1.10138,1.09621,1.97369,1.35635,2.15359,0.93055,2.00993,0.76877,1.22822,0.75324
C_027F-WING,cold,F,2.973252141,1.089656351,0.65099,0.61864,0.77006,0.56687,0.82054,0.45945,1.02891,0.51251,1.00691,0.57852,0.88525,0.75065,0.77394,0.94349,1.06515,1.01726,1.12339,0.96161,1.40164,1.2774,1.57637,1.16092,1.33693,2.22736,1.8145,2.40855,1.9957,2.23513,1.96334,1.30717
C_028M-WING,cold,M,2.681687159,0.9864461333,0.31449,0.92407,0.37273,0.82442,0.34555,0.71829,0.52157,0.63934,0.54357,0.69629,0.56428,0.88395,0.59275,1.09491,0.82312,0.9629,0.83607,0.88784,1.24375,0.95643,1.27352,0.77912,1.69026,1.65402,2.17559,1.48059,2.18854,1.2541,1.62296,0.63676
C_029M-WING,cold,M,2.625630173,0.9653209331,0.50733,0.93184,0.50345,1.04961,0.43227,1.12986,0.54745,1.27093,0.59405,1.2321,0.70017,1.07938,0.82442,0.9189,0.95772,1.13633,0.93443,1.20363,1.31105,1.3447,1.2554,1.51165,2.03323,0.95643,2.36067,1.31364,2.27007,1.52201,1.49354,1.80027
C_02M-WING,cold,-,2.944014692,1.079774191,1.38223,2.1963,1.2554,2.15489,1.1428,2.17948,1.03538,2.00346,1.10009,1.97369,1.29681,1.94263,1.50907,1.87792,1.35376,1.62425,1.27869,1.61778,1.30199,1.20492,1.11044,1.17774,1.98664,0.60181,1.7938,0.09836,1.55436,0.10483,0.92666,0.81665
C_031F-WING,cold,F,3.049675537,1.115035204,1.36929,2.24419,1.23857,2.18595,1.11691,2.20407,1.02891,2.00087,1.09621,1.98146,1.31105,1.96334,1.54272,1.92581,1.412,1.64755,1.32529,1.63461,1.39129,1.21657,1.18939,1.1428,2.17689,0.6484,1.98922,0.12683,1.73556,0.11906,1.05091,0.74547
C_032M-WING,cold,M,2.618617949,0.9626466783,1.18551,2.20924,1.30069,2.17689,1.40035,2.22348,1.50907,2.06429,1.44953,2.03452,1.27352,1.98146,1.07809,1.91675,1.23857,1.70967,1.30587,1.71097,1.32011,1.33176,1.49354,1.32658,0.73253,0.74159,0.9862,0.32355,1.21657,0.35979,1.69543,1.02502
C_033F-WING,cold,F,3.024673944,1.106803298,0.63028,1.98017,0.58369,1.8611,0.48015,1.78991,0.54875,1.58413,0.61087,1.61908,0.77006,1.75238,0.97584,1.88957,1.04703,1.59966,1.00691,1.53107,1.36023,1.27093,1.24763,1.10397,2.31925,1.37447,2.51598,0.87748,2.34643,0.7157,1.41976,0.71829
C_036M-WING,cold,M,2.990279857,1.095366981,0.82054,0.65746,0.75324,0.76488,0.6264,0.78818,0.6497,1.00949,0.71829,0.99526,0.90984,0.90725,1.13762,0.83089,1.13892,1.12468,1.07291,1.17515,1.35117,1.52201,1.18421,1.62166,2.27784,1.64237,2.36326,2.17171,2.15489,2.30113,1.25669,2.07076
C_037F-WING,cold,F,2.961758133,1.085783056,0.45945,1.0742,0.47498,1.20363,0.41156,1.30717,0.57593,1.44953,0.61734,1.39129,0.69241,1.20104,0.78818,0.99396,1.01079,1.19457,1.00043,1.26963,1.43529,1.32011,1.42235,1.51942,2.15877,0.73253,2.58975,1.04314,2.5328,1.28516,1.73685,1.76791
C_039F-WING,cold,F,2.946629907,1.080662113,0.37791,1.40553,0.44909,1.52201,0.43615,1.64237,0.63287,1.72132,0.6497,1.65014,0.65487,1.43788,0.65876,1.2101,0.95255,1.3227,0.96937,1.40553,1.38482,1.31234,1.44306,1.51036,1.83651,0.4931,2.34514,0.63028,2.3982,0.88007,1.83909,1.62813
C_040F-WING,cold,F,2.962040837,1.085878503,2.21313,0.90984,2.11476,0.8296,2.09147,0.71053,1.87533,0.69629,1.87404,0.77394,1.93746,0.97843,2.00087,1.19845,1.70191,1.16739,1.65014,1.09362,1.2761,1.33564,1.17127,1.16221,1.06644,2.24031,0.55781,2.25454,0.45298,2.04099,0.74677,1.18551
C_042M-WING,cold,M,2.606053654,0.9578370671,0.85289,0.64582,0.97067,0.64193,1.04832,0.56946,1.2101,0.6717,1.16351,0.71312,1.01208,0.83218,0.84901,0.95384,1.08197,1.08197,1.14927,1.05479,1.29681,1.40294,1.47412,1.3667,0.94219,2.16912,1.30717,2.46421,1.51424,2.36714,1.75756,1.57637
C_044M-WING,cold,M,2.592734368,0.9527130592,1.34082,0.53192,1.45083,0.57075,1.55048,0.54228,1.64367,0.70276,1.58413,0.72347,1.40423,0.76488,1.20751,0.81148,1.36152,1.01338,1.42624,1.01985,1.412,1.40682,1.5686,1.39647,0.77912,1.94522,0.97843,2.37361,1.21528,2.36455,1.75497,1.73814
C_045F-WING,cold,F,2.962721859,1.086108393,1.23469,0.4258,1.12339,0.49827,1.00043,0.46462,0.92149,0.66911,0.99267,0.69241,1.20363,0.69629,1.434,0.71312,1.31623,1.00432,1.23598,1.02244,1.32399,1.41976,1.13115,1.46894,2.1303,1.91416,1.9944,2.4215,1.74462,2.46162,1.01208,1.8818
C_047M-WING,cold,M,2.655912263,0.9767881974,0.73253,0.60311,0.84642,0.56816,0.90337,0.48015,1.08326,0.53969,1.0535,0.59793,0.93184,0.74677,0.80759,0.90596,1.06773,0.9849,1.12727,0.94219,1.37317,1.26575,1.50518,1.15445,1.19327,2.06817,1.62555,2.29725,1.80674,2.14971,1.86239,1.31234
C_048M-WING,cold,M,2.660430463,0.9784879378,1.82874,1.96722,1.89604,1.87533,2.00087,1.84168,1.98664,1.65661,1.92451,1.66696,1.75368,1.74332,1.55307,1.80933,1.56472,1.54919,1.62037,1.50518,1.3667,1.17904,1.51424,1.06385,0.55263,1.10915,0.46721,0.61734,0.66135,0.48921,1.47412,0.695
C_04F-WING,cold,-,2.987916124,1.094576196,0.78041,0.55263,0.70794,0.65358,0.58757,0.69629,0.61087,0.92019,0.68464,0.8969,0.87489,0.80889,1.08197,0.72088,1.11303,1.01467,1.04185,1.06256,1.34729,1.41718,1.1881,1.5466,2.25584,1.478,2.3749,1.9944,2.17042,2.13677,1.27352,1.95946
C_050M-WING,cold,M,2.632792533,0.9680450823,0.78947,1.83909,0.74029,1.73685,0.64711,1.69155,0.70147,1.51683,0.761,1.53236,0.90854,1.63719,1.08715,1.73556,1.14021,1.48448,1.09103,1.43141,1.37447,1.18163,1.27093,1.05091,2.20536,1.24116,2.38008,0.77653,2.21571,0.6277,1.39,0.70535
C_052F-WING,cold,F,2.951245564,1.082227306,0.99785,0.48533,0.89819,0.57852,0.77653,0.58887,0.74806,0.80371,0.83477,0.8063,1.0302,0.75582,1.24634,0.71053,1.21786,1.0082,1.1428,1.04703,1.3434,1.42235,1.17515,1.51424,2.23513,1.69932,2.22348,2.22607,2.00346,2.31796,1.15704,1.9284
C_053F-WING,cold,F,3.010900175,1.102239096,0.56169,0.77265,0.65746,0.68723,0.70794,0.57075,0.9176,0.57593,0.90984,0.64711,0.83348,0.8516,0.75841,1.06385,1.06903,1.06644,1.11691,1.00561,1.46377,1.25151,1.59578,1.08585,1.59448,2.20277,2.12512,2.27137,2.25584,2.05911,2.0177,1.12856
C_054M-WING,cold,M,2.678684258,0.9853257256,1.01855,0.60181,0.93313,0.67429,0.82442,0.67947,0.80242,0.87489,0.86583,0.8736,1.04185,0.84254,1.25022,0.81665,1.17774,1.05997,1.11433,1.09362,1.27222,1.45471,1.11821,1.5246,2.08111,1.75368,2.04358,2.24936,1.82227,2.32055,1.07162,1.91675
C_056F-WING,cold,F,2.70533095,0.9952242522,0.34555,1.10527,0.41415,1.01208,0.40509,0.88784,0.60311,0.8516,0.61734,0.91631,0.58757,1.09362,0.60052,1.31752,0.87231,1.22822,0.89301,1.15704,1.24504,1.2554,1.31105,1.08585,1.62943,2.03711,2.10959,1.94134,2.17818,1.71744,1.6799,1.01596
C_060F-WING,cold,F,2.989855437,1.095225037,0.4245,1.20363,0.47368,1.09232,0.45427,0.97067,0.65358,0.87489,0.68335,0.9409,0.69888,1.15833,0.72606,1.39,1.01079,1.25022,1.02244,1.16868,1.44953,1.23469,1.50259,1.0302,1.9957,2.00217,2.4888,1.81709,2.50821,1.56472,1.86239,0.87748
C_061M-WING,cold,M,2.643016671,0.9719209431,0.49957,1.31752,0.54228,1.21139,0.51251,1.10527,0.67558,1.0082,0.70147,1.07291,0.73641,1.26187,0.77653,1.46506,1.00043,1.31364,1.01079,1.23598,1.38094,1.2554,1.412,1.08068,1.91287,1.92063,2.36455,1.71873,2.36326,1.48706,1.74979,0.91631
C_063F-WING,cold,F,2.834754252,1.04195525,0.42968,1.58931,0.44909,1.46506,0.38697,1.36282,0.52804,1.21398,0.57075,1.27093,0.65487,1.45471,0.74935,1.65143,0.94608,1.43529,0.92925,1.35246,1.32917,1.26834,1.30199,1.07032,2.07206,1.80933,2.45774,1.48836,2.40208,1.2541,1.61778,0.79336
C_065M-WING,cold,M,2.973857491,1.089859929,1.57378,2.23513,1.44306,2.20407,1.33434,2.26619,1.19845,2.09406,1.25799,2.05523,1.44953,1.98793,1.66955,1.8831,1.45989,1.64367,1.37576,1.6592,1.32917,1.24245,1.1208,1.25151,1.9051,0.50733,1.59966,0.09189,1.36152,0.13459,0.87619,0.91243
C_066M-WING,cold,M,2.608666699,0.9588392475,0.761,0.67299,0.86713,0.63805,0.92796,0.55134,1.10527,0.61734,1.06903,0.66782,0.95514,0.81536,0.83607,0.97326,1.08068,1.02891,1.13633,0.99008,1.37705,1.32399,1.51295,1.21398,1.2101,2.11347,1.63461,2.34255,1.81839,2.19112,1.85851,1.36411
C_068M-WING,cold,M,2.42040497,0.8839348691,0.86972,0.67817,0.96937,0.65746,1.03538,0.59016,1.18163,0.66264,1.14539,0.70276,1.02502,0.81795,0.89431,0.95384,1.11433,1.02891,1.16998,0.99526,1.35246,1.30199,1.48448,1.23081,1.12468,2.05394,1.5246,2.29984,1.71355,2.17689,1.81192,1.41718
C_071M-WING,cold,M,2.675019532,0.9839566819,0.8956,0.64193,0.8283,0.74029,0.72088,0.75971,0.72865,0.96161,0.79336,0.94608,0.97196,0.87619,1.15962,0.81406,1.15833,1.08068,1.10009,1.12339,1.32529,1.434,1.17515,1.53883,2.16265,1.5233,2.24678,2.02546,2.05523,2.15489,1.21786,1.92969
C_073F-WING,cold,F,2.988850206,1.094888767,0.63417,0.66005,0.739,0.60052,0.79465,0.49051,1.00691,0.52933,0.98361,0.60052,0.87489,0.77912,0.76747,0.98361,1.07291,1.02244,1.12339,0.96937,1.43271,1.26963,1.56472,1.12727,1.434,2.22866,1.94263,2.36973,2.09794,2.18077,1.99699,1.26057
C_074M-WING,cold,M,2.618193766,0.9624846776,2.06817,1.44565,2.00605,1.54401,2.01123,1.64884,1.84557,1.70449,1.82745,1.64755,1.82615,1.4573,1.8158,1.25669,1.58284,1.36023,1.56601,1.43012,1.19327,1.33823,1.16092,1.50518,0.77524,0.62122,0.29637,0.75194,0.2679,0.98231,0.77524,1.60613
C_075F-WING,cold,F,2.930459038,1.075159079,0.76618,0.56298,0.68982,0.66523,0.57334,0.70147,0.58628,0.91501,0.65617,0.89819,0.84513,0.82054,1.06256,0.74806,1.06256,1.04185,1.00302,1.08844,1.27481,1.44177,1.11433,1.55825,2.17042,1.53624,2.26748,2.04617,2.063,2.18336,1.16998,1.96463
C_076M-WING,cold,M,2.57549928,0.9460434107,0.65876,0.7623,0.62122,0.86713,0.52675,0.92149,0.59146,1.0988,0.6497,1.06773,0.79336,0.94996,0.95514,0.8283,1.01985,1.07809,0.97973,1.13115,1.27999,1.36541,1.18292,1.51036,2.07464,1.21398,2.29078,1.66437,2.13288,1.83521,1.32011,1.84298
C_077F-WING,cold,F,2.970603823,1.08876524,0.60699,1.93487,0.55781,1.81968,0.4465,1.76662,0.50216,1.5466,0.57334,1.58025,0.74029,1.70708,0.93831,1.82745,1.01596,1.52977,0.95384,1.47153,1.29681,1.18939,1.1648,1.03279,2.21701,1.27481,2.41114,0.783,2.23901,0.61346,1.31493,0.6484
C_078F-WING,cold,F,3.013146834,1.102984992,1.02373,0.50604,0.91372,0.58887,0.79724,0.59275,0.74806,0.80759,0.82312,0.81924,1.03408,0.79077,1.25928,0.77006,1.19327,1.05867,1.11562,1.08844,1.28128,1.49871,1.0975,1.58672,2.16265,1.88698,2.09406,2.38655,1.8611,2.46421,1.02761,2.00346
C_079F-WING,cold,F,2.542232746,0.9330427289,0.83089,1.97887,0.93961,2.00864,1.0082,2.0837,1.17386,1.99699,1.13633,1.9504,1.00691,1.83003,0.87231,1.67861,1.11433,1.5906,1.16998,1.62296,1.36541,1.29681,1.51813,1.37058,1.10009,0.53969,1.49095,0.28084,1.68896,0.39732,1.84298,1.18421
C_080F-WING,cold,F,2.98442662,1.093407641,0.47239,0.8969,0.56428,0.80112,0.56946,0.68464,0.79077,0.64711,0.79206,0.71959,0.74029,0.92278,0.70147,1.15186,1.01726,1.11044,1.05479,1.03797,1.43271,1.22951,1.5246,1.04314,1.71097,2.1303,2.24936,2.11088,2.34773,1.86757,1.94004,1.01208
C_081F-WING,cold,F,2.99524715,1.097026749,1.35635,2.23901,1.24116,2.18595,1.11433,2.21054,1.01079,2.01123,1.09103,1.98793,1.2994,1.97499,1.53236,1.93487,1.39517,1.65273,1.31105,1.64367,1.3667,1.21786,1.1648,1.15962,2.13936,0.66005,1.95557,0.17989,1.70708,0.1553,1.0082,0.7843
C_082M-WING,cold,M,2.665545987,0.9804089097,1.98793,0.71441,2.03193,0.81406,2.1303,0.86583,2.05911,1.0522,1.99958,1.02761,1.85592,0.91501,1.69932,0.8063,1.61002,1.06126,1.65531,1.11562,1.35635,1.36023,1.46636,1.49612,0.52675,1.22692,0.32485,1.68508,0.48663,1.8611,1.33823,1.85074
C_083F-WING,cold,F,2.961810163,1.085800623,2.21313,1.36799,2.16524,1.48577,2.19242,1.60096,1.98793,1.68767,1.96593,1.62813,1.94393,1.41847,1.88439,1.22692,1.63461,1.33176,1.63461,1.40812,1.17645,1.3434,1.15315,1.55178,0.65487,0.61734,0.14754,0.79983,0.13589,1.04573,0.77136,1.70061
C_084M-WING,cold,M,2.751081703,1.011994181,0.50345,1.04832,0.50216,1.16221,0.42191,1.24634,0.56298,1.38223,0.61346,1.33823,0.70406,1.18292,0.82312,1.02244,0.9642,1.21786,0.94608,1.28905,1.31881,1.39647,1.28387,1.55436,2.085,0.9629,2.47974,1.31105,2.40208,1.5246,1.58284,1.8598
C_085M-WING,cold,M,2.585945001,0.9500910123,1.11044,2.09147,1.01338,2.04229,0.90725,2.04617,0.84383,1.87016,0.90466,1.8598,1.09232,1.8598,1.29293,1.85204,1.18551,1.61908,1.12339,1.59966,1.21786,1.22951,1.05091,1.16998,1.94004,0.86842,1.84815,0.3792,1.61649,0.33391,0.94996,0.82312
C_087M-WING,cold,M,2.571346597,0.9444297295,0.70276,1.86627,0.65099,1.76532,0.55651,1.72132,0.61605,1.54272,0.66911,1.56601,0.81536,1.66308,0.98102,1.75626,1.01596,1.50777,0.97067,1.45989,1.22175,1.2101,1.12339,1.08456,2.04488,1.25928,2.23513,0.78947,2.07076,0.63805,1.24504,0.72088
C_088M-WING,cold,M,2.630633033,0.967224514,0.61605,1.01338,0.62122,1.12468,0.55781,1.2101,0.69111,1.34729,0.72994,1.30458,0.81924,1.13892,0.93184,0.98102,1.08974,1.17904,1.07291,1.24504,1.44306,1.35764,1.39776,1.52071,2.14971,0.93184,2.49786,1.27869,2.42926,1.49354,1.67732,1.79638
C_089F-WING,cold,F,3.177928623,1.156229608,0.64193,0.44003,0.77265,0.42062,0.84124,0.30155,1.04185,0.40768,0.99914,0.46851,0.85936,0.62899,0.717,0.81665,0.99137,0.91631,1.05738,0.8736,1.31234,1.27481,1.49224,1.1868,1.12468,2.25972,1.59707,2.53021,1.7925,2.38396,1.88827,1.39647
C_090M-WING,cold,M,2.714450933,0.9985896984,0.4698,1.34858,0.5371,1.45212,0.49827,1.55695,0.67299,1.63072,0.68852,1.5686,0.72088,1.39,0.73771,1.19716,0.96031,1.31493,0.97067,1.38094,1.32917,1.32529,1.3667,1.47671,1.87145,0.60828,2.35679,0.7623,2.37232,0.99008,1.78474,1.61131
C_091M-WING,cold,M,2.639830921,0.9707148701,1.43659,0.52157,1.52977,0.57722,1.6359,0.56687,1.70061,0.74418,1.63978,0.75453,1.45083,0.76488,1.26057,0.78818,1.36541,1.02244,1.43529,1.03538,1.35635,1.41847,1.52201,1.47153,0.64323,1.85592,0.79595,2.32572,1.02891,2.34773,1.65531,1.81321
C_093M-WING,cold,M,2.571818265,0.944613145,0.93572,0.70535,0.87101,0.79336,0.77136,0.82183,0.8063,1.01079,0.86325,0.99785,1.02502,0.92149,1.2101,0.86195,1.2088,1.0975,1.15315,1.14021,1.39129,1.43918,1.27093,1.55695,2.20407,1.50907,2.2869,1.99052,2.10182,2.11218,1.31105,1.91028
C_094F-WING,cold,F,3.024177197,1.106639054,0.73253,2.06558,0.66652,1.96463,0.54228,1.94004,0.57204,1.72908,0.64064,1.74203,0.81536,1.82874,1.02761,1.87663,1.03926,1.61131,0.98231,1.57378,1.26316,1.21139,1.13115,1.08456,2.21183,1.10915,2.32961,0.58757,2.13806,0.44392,1.2101,0.65876
C_095M-WING,cold,M,2.741743712,1.008594109,1.9944,0.76877,2.02935,0.88007,2.1303,0.92537,2.05523,1.0988,1.99699,1.07032,1.86239,0.96161,1.69285,0.84771,1.62555,1.09232,1.66437,1.14668,1.34211,1.38611,1.43012,1.52848,0.48404,1.24893,0.24719,1.71226,0.40509,1.89475,1.26963,1.89863
C_097F-WING,cold,F,2.657072292,0.9772248746,2.11735,1.1415,2.10441,1.24893,2.14712,1.3434,1.9957,1.46118,1.95687,1.40941,1.89992,1.23987,1.80544,1.06644,1.63331,1.22951,1.63978,1.29552,1.21786,1.33693,1.24504,1.50907,0.60569,0.79465,0.19801,1.07291,0.23943,1.29293,0.95643,1.73167
C_098M-WING,cold,M,2.595681962,0.9538492806,1.14021,2.04746,1.04703,1.9944,0.94219,2.01899,0.88136,1.83133,0.94349,1.81192,1.12727,1.80674,1.31881,1.78474,1.21916,1.55307,1.14927,1.53754,1.21657,1.18163,1.06256,1.15315,1.9284,0.75971,1.80286,0.28473,1.57378,0.24978,0.9189,0.78559
C_099M-WING,cold,M,2.665418125,0.9803609402,1.83262,1.86498,1.88569,1.76015,1.98146,1.71614,1.93357,1.52718,1.87922,1.54919,1.71226,1.64884,1.54272,1.7472,1.49871,1.48836,1.54919,1.43918,1.26057,1.16739,1.37576,1.04314,0.42968,1.24634,0.24849,0.77524,0.41027,0.61475,1.26446,0.66135
C_100M-WING,cold,M,2.717416738,0.9996817004,0.41933,1.62813,0.41544,1.51813,0.35591,1.42753,0.49568,1.29422,0.53322,1.3434,0.62899,1.49871,0.74029,1.66178,0.88525,1.46506,0.86713,1.39517,1.24893,1.30069,1.22045,1.14021,2.00087,1.73426,2.3762,1.38741,2.30113,1.17645,1.50907,0.86195
C_101M-WING,cold,M,2.637656501,0.9698908339,1.63719,0.4918,1.53754,0.48792,1.45859,0.41544,1.32787,0.55781,1.37317,0.59405,1.51554,0.67817,1.6579,0.82183,1.47542,0.93572,1.42365,0.92278,1.31493,1.30069,1.15833,1.27222,1.71485,2.01382,1.38611,2.38396,1.17515,2.31278,0.88395,1.55566
C_102M-WING,cold,M,2.654516172,0.9762624052,1.84686,2.08241,1.73556,2.11735,1.6579,2.18595,1.5013,2.08888,1.53107,2.0397,1.66826,1.90898,1.81709,1.77568,1.58025,1.66437,1.51683,1.68767,1.3434,1.37447,1.18163,1.43141,1.60613,0.54745,1.19198,0.28084,1.00173,0.39991,0.8516,1.2334
C_104M-WING,cold,M,2.663985026,0.9798231319,1.70191,0.54616,1.59837,0.52286,1.51424,0.45298,1.36023,0.56687,1.39906,0.61605,1.54401,0.72606,1.69802,0.86325,1.47283,0.98749,1.40812,0.96161,1.24893,1.31493,1.08585,1.25799,1.60613,2.08629,1.22563,2.40467,1.01208,2.29725,0.77524,1.48577
C_105M-WING,cold,M,2.632009375,0.9677475753,1.99958,1.87792,1.90769,1.93875,1.87145,2.04099,1.69285,2.00087,1.69932,1.9504,1.78344,1.78085,1.84686,1.60872,1.60225,1.5919,1.56083,1.64108,1.25281,1.39,1.14021,1.50648,1.20363,0.56298,0.73512,0.46592,0.60181,0.63417,0.761,1.44306
C_106M-WING,cold,M,3.166750271,1.152705911,0.37403,1.42882,0.41674,1.54789,0.39473,1.66308,0.58369,1.75497,0.60958,1.68508,0.63934,1.48059,0.69888,1.27222,0.93702,1.40294,0.95514,1.4793,1.39906,1.42365,1.44953,1.60225,2.06041,0.62122,2.57033,0.79853,2.5781,1.05867,1.88957,1.75368
C_107M-WING,cold,M,2.863211246,1.051943808,0.83607,0.45945,0.95902,0.45168,1.03667,0.35979,1.19845,0.48404,1.15574,0.53063,1.00043,0.65617,0.84254,0.79077,1.07032,0.9189,1.13892,0.8969,1.29681,1.27481,1.45212,1.2088,0.97196,2.12253,1.34988,2.47585,1.55695,2.36326,1.78862,1.48965
C_108M-WING,cold,M,2.661291103,0.9788113819,0.58499,0.76488,0.55004,0.86454,0.47109,0.93184,0.55522,1.0988,0.61087,1.06515,0.74288,0.93961,0.90466,0.83089,0.9849,1.05091,0.95125,1.11044,1.30199,1.33693,1.20233,1.46765,2.09923,1.14668,2.33737,1.58154,2.19112,1.75497,1.36152,1.80933
C_110F-WING,cold,F,3.157181603,1.149679732,0.13977,1.57119,0.16177,1.44177,0.10224,1.33305,0.27178,1.19845,0.31579,1.25669,0.38568,1.45341,0.49827,1.66178,0.72606,1.46247,0.71182,1.37964,1.16739,1.32529,1.12339,1.12727,1.98275,1.9051,2.43962,1.58543,2.35679,1.34082,1.50389,0.85677
C_114M-WING,cold,M,2.815260839,1.035054918,0.58757,0.67429,0.55263,0.79336,0.45686,0.85419,0.53969,1.02891,0.59663,0.99785,0.739,0.88007,0.91631,0.75065,0.99526,1.00043,0.95643,1.06256,1.29164,1.29293,1.19586,1.434,2.17171,1.12339,2.42279,1.57378,2.2649,1.76403,1.37447,1.80933
C_115F-WING,cold,F,3.066091758,1.120403708,0.45039,1.84945,0.41415,1.73167,0.31449,1.66049,0.41674,1.48448,0.47627,1.51295,0.62252,1.65014,0.79595,1.77697,0.91113,1.53754,0.87101,1.46894,1.26187,1.2334,1.19586,1.04703,2.1963,1.45859,2.49397,1.00173,2.35161,0.81148,1.40423,0.68852
C_116F-WING,cold,F,2.948067454,1.081149855,1.88569,2.11606,1.75109,2.129,1.67214,2.21313,1.49224,2.10053,1.52718,2.04617,1.69026,1.91934,1.84298,1.74462,1.59707,1.63331,1.52201,1.66567,1.33564,1.28905,1.15574,1.35635,1.62555,0.4025,1.1881,0.08412,0.99137,0.20578,0.8063,1.12597
C_118M-WING,cold,M,2.792796788,1.027043527,0.48792,1.58413,0.4918,1.46894,0.42321,1.38223,0.56428,1.24893,0.60699,1.29552,0.68852,1.45989,0.81277,1.62555,0.96678,1.43918,0.95902,1.36799,1.36799,1.2774,1.33176,1.10268,2.10312,1.74332,2.50433,1.412,2.42409,1.1881,1.63072,0.83995
C_119F-WING,cold,F,3.169110935,1.153451086,1.01208,2.22477,0.90078,2.14841,0.78818,2.11606,0.739,1.90898,0.82054,1.90122,1.02114,1.93746,1.26575,1.95428,1.19716,1.66178,1.12209,1.62555,1.32787,1.17515,1.12986,1.12209,2.22607,0.81536,2.19371,0.2679,1.94393,0.1773,1.07679,0.6484
C_121F-WING,cold,F,2.9455326,1.08028965,2.18854,1.33046,2.14453,1.20233,2.17042,1.08585,1.98534,0.9849,1.95946,1.04832,1.92322,1.2541,1.87016,1.47412,1.61649,1.31881,1.61002,1.23728,1.19198,1.26704,1.15833,1.07291,0.57981,1.95687,0.09706,1.73944,0.10224,1.49871,0.783,0.89172
C_123M-WING,cold,M,2.659291552,0.9780597534,0.64064,0.92537,0.61346,1.02891,0.53451,1.10268,0.65229,1.26187,0.70017,1.22951,0.81536,1.08844,0.96937,0.96808,1.07162,1.17515,1.04314,1.24116,1.42365,1.42235,1.31752,1.55695,2.17301,1.14409,2.46938,1.53754,2.34773,1.73685,1.53883,1.89086
C_125F-WING,cold,F,2.959107551,1.08488772,2.21054,0.9862,2.20924,1.12209,2.2856,1.21786,2.13936,1.37705,2.09276,1.32787,1.9944,1.14539,1.8598,0.95772,1.68249,1.18033,1.69673,1.25799,1.29422,1.36541,1.3227,1.55566,0.49568,0.89172,0.09706,1.23728,0.17083,1.46894,0.99267,1.84945
C_127F-WING,cold,F,2.903892296,1.066052008,0.63676,0.62252,0.56946,0.73512,0.46462,0.78171,0.50216,0.98361,0.56298,0.96549,0.74547,0.86325,0.95643,0.76877,0.9849,1.04185,0.92537,1.0975,1.2088,1.40423,1.08326,1.52848,2.13418,1.42882,2.26748,1.94134,2.0837,2.08888,1.19975,1.95946
C_128F-WING,cold,F,2.954096068,1.083192705,0.64582,1.8831,0.60828,1.76791,0.51122,1.69932,0.58628,1.49871,0.64193,1.52589,0.80889,1.66437,0.98879,1.80156,1.08585,1.51424,1.03926,1.45212,1.42365,1.17515,1.28905,1.01596,2.28301,1.35117,2.51986,0.86713,2.36714,0.68464,1.44306,0.64711
C_130M-WING,cold,M,2.677555438,0.9849042282,2.11476,1.15315,2.04746,1.05609,2.06429,0.94219,1.87533,0.8956,1.86368,0.95125,1.86498,1.14798,1.84039,1.36411,1.62166,1.25151,1.59448,1.18421,1.20622,1.2994,1.14409,1.11691,0.8296,2.03452,0.34814,1.94393,0.29896,1.71226,0.79077,1.02502
C_131M-WING,cold,M,2.769238997,1.018572552,0.53451,1.95557,0.4931,1.85204,0.41803,1.78603,0.48015,1.61649,0.52933,1.64237,0.6717,1.76015,0.8516,1.85592,0.90984,1.62166,0.86713,1.5686,1.19198,1.32011,1.08844,1.19845,2.06688,1.42753,2.28431,0.95902,2.13547,0.79336,1.26446,0.80371
C_132M-WING,cold,M,2.616649852,0.9618948172,0.65358,1.74979,0.63676,1.63202,0.55651,1.56213,0.65746,1.40812,0.70017,1.44047,0.81795,1.58154,0.97973,1.70449,1.06644,1.49224,1.03667,1.43141,1.37835,1.25281,1.31105,1.09491,2.16912,1.5246,2.44997,1.12856,2.32572,0.94219,1.51554,0.78559
C_133M-WING,cold,M,2.99895463,1.098263771,0.55134,0.74029,0.65099,0.66264,0.67817,0.53839,0.89042,0.56687,0.88395,0.6277,0.79595,0.80759,0.73641,1.02891,1.02114,1.0315,1.07162,0.97196,1.40553,1.21657,1.51942,1.08197,1.55178,2.16783,2.08241,2.2649,2.2196,2.07335,1.96593,1.15574
C_135M-WING,cold,M,2.85568733,1.04931256,1.06644,0.53969,0.96937,0.60699,0.84901,0.59663,0.81406,0.79206,0.87878,0.80112,1.06903,0.79465,1.26834,0.81018,1.20363,1.06644,1.13633,1.08585,1.24634,1.4573,1.09232,1.5246,2.05264,1.85851,1.97111,2.41632,1.72908,2.47068,0.99008,1.93875
C_136M-WING,cold,M,2.614344567,0.9610134225,1.11562,0.56298,1.02244,0.63287,0.91501,0.61346,0.87489,0.80242,0.92796,0.80759,1.12339,0.8063,1.3227,0.81277,1.22563,1.04314,1.1648,1.06385,1.2774,1.42882,1.1195,1.4793,2.02158,1.7938,1.9284,2.27654,1.70449,2.31925,1.03667,1.85851
C_138M-WING,cold,M,2.631988974,0.9677398244,1.53107,0.5138,1.62425,0.58499,1.73556,0.5824,1.77568,0.77006,1.71355,0.77912,1.52848,0.75582,1.32529,0.75194,1.40553,0.99526,1.46506,1.02373,1.33046,1.40423,1.5013,1.44435,0.5811,1.72779,0.65617,2.19501,0.86972,2.25842,1.55566,1.83521
C_139M-WING,cold,M,2.659846639,0.9782684666,0.50863,0.82054,0.48015,0.92666,0.39991,0.99526,0.49827,1.15445,0.54875,1.12597,0.66911,0.99267,0.82054,0.86066,0.90596,1.08715,0.87231,1.15056,1.2088,1.34729,1.14021,1.48577,2.02158,1.11174,2.30243,1.52718,2.17559,1.71744,1.34599,1.83521
C_140F-WING,cold,F,3.01315488,1.102987663,0.74547,2.10053,0.66911,1.9957,0.55392,1.96205,0.56816,1.74979,0.63805,1.75756,0.83607,1.84298,1.05479,1.90769,1.05738,1.61131,0.99396,1.56472,1.2541,1.21657,1.10138,1.09491,2.18465,1.07162,2.27654,0.54616,2.06558,0.41285,1.16739,0.66652
C_141F-WING,cold,F,2.962111169,1.085902247,0.50345,1.14798,0.58628,1.03667,0.56557,0.91372,0.77524,0.85807,0.79595,0.92407,0.783,1.13633,0.78689,1.36152,1.07162,1.26316,1.09362,1.19198,1.51424,1.30846,1.58025,1.12468,1.94522,2.12641,2.45644,2.02546,2.50821,1.78215,1.98017,1.04314
C_142F-WING,cold,F,3.1320678,1.141693425,0.63417,0.52416,0.76618,0.48663,0.81406,0.37144,1.01596,0.44521,0.98102,0.50733,0.85419,0.66264,0.74159,0.86713,1.01338,0.94996,1.07809,0.90596,1.35894,1.28258,1.53495,1.17386,1.22563,2.25842,1.74203,2.50562,1.92063,2.32443,1.92063,1.32787
C_143F-WING,cold,F,3.038182254,1.111259394,0.49698,0.78947,0.47627,0.92666,0.37662,1.01726,0.49698,1.21528,0.55651,1.16739,0.70147,0.99914,0.86195,0.82183,1.02114,1.09491,0.98361,1.17257,1.39,1.36411,1.30846,1.56731,2.27913,1.03538,2.57292,1.44177,2.45774,1.66308,1.54013,1.88698
C_143M-WING,cold,M,2.742635652,1.008919375,1.41329,2.15877,1.2994,2.13547,1.19845,2.18465,1.08326,2.02158,1.13374,1.99052,1.31752,1.92063,1.51295,1.83909,1.33046,1.65014,1.2541,1.65531,1.21657,1.25281,1.04444,1.27222,1.78474,0.61217,1.50518,0.17083,1.28128,0.21095,0.81018,0.93313
C_144M-WING,cold,M,2.690116154,0.9895843727,1.29422,2.13418,1.4107,2.09535,1.51683,2.11865,1.60096,1.94393,1.54272,1.91675,1.35505,1.88827,1.14927,1.84168,1.29034,1.60484,1.36152,1.59966,1.33952,1.21528,1.51165,1.18163,0.68205,0.695,0.88266,0.22907,1.11174,0.23037,1.68896,0.85419
C_145M-WING,cold,M,2.749137967,1.011287396,1.47542,2.16136,1.35376,2.13418,1.25281,2.18724,1.13762,2.02676,1.1868,1.99311,1.37317,1.92322,1.56601,1.84427,1.38353,1.65402,1.30846,1.65531,1.27093,1.25281,1.09491,1.27222,1.83909,0.61475,1.55825,0.16436,1.33305,0.21095,0.86325,0.93572
C_147M-WING,cold,M,2.649346414,0.9743129735,0.55004,0.92796,0.54228,1.04055,0.46074,1.11044,0.58499,1.25799,0.6277,1.22175,0.74029,1.0742,0.85807,0.92666,0.99396,1.13245,0.97584,1.19457,1.32399,1.33305,1.28775,1.49354,2.09535,0.99526,2.42409,1.35894,2.32314,1.56472,1.51295,1.78474
C_148F-WING,cold,F,3.016682212,1.104157622,1.14927,2.16265,1.04055,2.09665,0.91501,2.11994,0.84124,1.90898,0.91372,1.88698,1.12468,1.88827,1.35894,1.87274,1.24763,1.58154,1.1648,1.56342,1.26575,1.12727,1.06903,1.07679,2.06041,0.64064,1.90769,0.12295,1.67343,0.08671,0.94608,0.68335
C_149M-WING,cold,M,2.801743697,1.030241972,0.57981,1.82097,0.55651,1.71097,0.47239,1.63849,0.5604,1.46377,0.61087,1.49871,0.75582,1.63978,0.90854,1.78215,1.01855,1.52848,0.9849,1.45471,1.33305,1.24763,1.24245,1.10138,2.16912,1.48836,2.46162,1.04961,2.32184,0.84383,1.44306,0.73771
C_150F-WING,cold,F,3.01560222,1.103799552,0.43615,1.21657,0.50733,1.09103,0.48404,0.9642,0.69111,0.88007,0.717,0.95125,0.71829,1.1648,0.74288,1.39647,1.02632,1.26575,1.03926,1.18421,1.47671,1.26704,1.52201,1.06773,2.00476,2.05652,2.50433,1.88957,2.53151,1.65402,1.91675,0.93443
C_151M-WING,cold,M,2.710328395,0.9970698064,1.1648,2.14583,1.06126,2.08241,0.95384,2.08888,0.89948,1.90122,0.95772,1.8831,1.15315,1.89345,1.36411,1.89733,1.26834,1.63849,1.19716,1.61649,1.31105,1.20751,1.12986,1.15574,2.05652,0.83348,1.9491,0.35073,1.71355,0.3119,1.02373,0.81795
C_152F-WING,cold,F,3.154896567,1.148955712,1.22692,2.33867,1.10785,2.28043,0.9849,2.31019,0.88395,2.10571,0.96031,2.08111,1.17127,2.0617,1.40812,2.0164,1.26575,1.74203,1.18292,1.7252,1.24375,1.30199,1.04832,1.24763,2.04358,0.66005,1.84039,0.14883,1.58672,0.13459,0.89042,0.79465
C_153F-WING,cold,F,3.085072314,1.126575098,0.4245,1.29811,0.49568,1.17904,0.43486,1.05997,0.64193,0.97196,0.67299,1.0315,0.68852,1.24375,0.74159,1.46894,1.0082,1.33305,1.01467,1.25281,1.48448,1.33046,1.51813,1.11821,2.04099,2.09665,2.55869,1.91416,2.57163,1.66955,1.91934,0.96161
C_154M-WING,cold,M,2.640204115,0.9708562303,0.53192,1.13115,0.60958,1.03667,0.58499,0.92666,0.76618,0.88007,0.78559,0.92925,0.77394,1.12339,0.78041,1.32917,1.02761,1.2334,1.0522,1.1648,1.43141,1.27222,1.47412,1.10527,1.80286,2.00087,2.29596,1.89086,2.32961,1.66955,1.83133,1.01467
C_155M-WING,cold,M,2.57399769,0.9454602116,1.01596,0.57204,1.12597,0.57463,1.21139,0.50863,1.34082,0.63546,1.30328,0.67558,1.14409,0.761,0.99655,0.88913,1.19327,1.0302,1.2554,1.01338,1.37447,1.35117,1.52718,1.32917,1.00043,2.07982,1.34599,2.4215,1.53624,2.32831,1.80415,1.57248
C_156M-WING,cold,M,2.765800957,1.01733027,0.59405,1.75756,0.57463,1.64496,0.49698,1.56601,0.59663,1.41459,0.64711,1.44953,0.76618,1.58543,0.92149,1.73685,1.02502,1.50001,1.00043,1.43271,1.36282,1.25022,1.28646,1.10009,2.19371,1.50907,2.4888,1.08844,2.36455,0.89948,1.50389,0.75194
C_157M-WING,cold,M,2.759293975,1.014974841,0.4931,1.0082,0.50345,1.13374,0.42968,1.21786,0.56557,1.35635,0.61087,1.30846,0.70147,1.14539,0.81018,0.97326,0.9629,1.18033,0.94349,1.24375,1.33952,1.35635,1.30846,1.51813,2.10312,0.92019,2.47715,1.26834,2.3995,1.47283,1.60096,1.80027
C_158M-WING,cold,M,2.67676334,0.9846083557,0.52157,1.69802,0.52416,1.57766,0.45427,1.49483,0.56816,1.3434,0.61605,1.39,0.72735,1.55048,0.84513,1.72132,0.99396,1.49095,0.96937,1.41976,1.3214,1.28646,1.28516,1.11174,2.08241,1.66308,2.42279,1.29552,2.32443,1.07679,1.53754,0.82701
C_159F-WING,cold,F,3.053093514,1.116155344,0.36238,1.09232,0.39473,1.22563,0.34167,1.32787,0.50345,1.46377,0.54616,1.40294,0.61734,1.21657,0.70923,1.00691,0.94219,1.19327,0.93313,1.2774,1.35376,1.3214,1.33952,1.51165,2.12253,0.73512,2.58716,1.04703,2.52762,1.28516,1.71485,1.77956
C_160M-WING,cold,M,2.705501234,0.9952871941,0.68723,1.92451,0.64323,1.82097,0.56557,1.75756,0.61475,1.58543,0.67299,1.60872,0.81924,1.72003,0.99137,1.8378,1.04832,1.58284,1.00561,1.52848,1.3214,1.27093,1.21269,1.14021,2.15489,1.37447,2.37232,0.90337,2.20795,0.739,1.34988,0.77265
C_161F-WING,cold,F,2.997751106,1.097862376,1.74979,0.48404,1.62555,0.47627,1.54013,0.38438,1.37188,0.51898,1.41718,0.56946,1.58025,0.68852,1.74332,0.85419,1.51683,0.98231,1.43529,0.95514,1.2774,1.3447,1.09232,1.30975,1.64496,2.24807,1.24116,2.58845,1.02114,2.48103,0.76359,1.58801
C_162M-WING,cold,M,2.739070586,1.007618661,1.55048,0.47886,1.64367,0.5591,1.75368,0.54875,1.7925,0.72735,1.73038,0.73641,1.54919,0.72865,1.34599,0.72606,1.43141,0.96937,1.49354,0.98879,1.37188,1.35505,1.51683,1.41976,0.58628,1.75368,0.66393,2.27007,0.89301,2.31666,1.58672,1.83392
C_163F-WING,cold,F,2.921985241,1.072263262,1.96852,0.52675,1.84427,0.49568,1.78085,0.39991,1.59448,0.46721,1.62813,0.53063,1.75368,0.67947,1.88698,0.86454,1.62296,0.9409,1.56083,0.89172,1.31364,1.24116,1.15315,1.14021,1.47153,2.16395,0.99655,2.41632,0.81924,2.24419,0.7623,1.32529